x,y,timestamp,username,level,algorithm
20,3,2.022,mr.j,1,DFS
20,3,2.033,mr.j,1,DFS
20,3,2.05,mr.j,1,DFS
20,3,2.068,mr.j,1,DFS
20,3,2.084,mr.j,1,DFS
20,3,2.1,mr.j,1,DFS
20,3,2.117,mr.j,1,DFS
20,3,2.133,mr.j,1,DFS
20,3,2.149,mr.j,1,DFS
20,3,2.166,mr.j,1,DFS
20,3,2.183,mr.j,1,DFS
20,3,2.2,mr.j,1,DFS
20,3,2.217,mr.j,1,DFS
20,4,2.234,mr.j,1,DFS
20,4,2.251,mr.j,1,DFS
20,4,2.268,mr.j,1,DFS
20,4,2.285,mr.j,1,DFS
20,4,2.302,mr.j,1,DFS
20,4,2.319,mr.j,1,DFS
20,4,2.335,mr.j,1,DFS
20,4,2.352,mr.j,1,DFS
20,4,2.369,mr.j,1,DFS
20,4,2.386,mr.j,1,DFS
20,4,2.403,mr.j,1,DFS
20,4,2.421,mr.j,1,DFS
20,5,2.437,mr.j,1,DFS
20,5,2.454,mr.j,1,DFS
20,5,2.471,mr.j,1,DFS
20,5,2.488,mr.j,1,DFS
20,5,2.506,mr.j,1,DFS
20,5,2.522,mr.j,1,DFS
20,5,2.54,mr.j,1,DFS
20,5,2.556,mr.j,1,DFS
20,5,2.573,mr.j,1,DFS
20,5,2.589,mr.j,1,DFS
20,5,2.606,mr.j,1,DFS
20,5,2.623,mr.j,1,DFS
20,6,2.64,mr.j,1,DFS
20,6,2.657,mr.j,1,DFS
20,6,2.674,mr.j,1,DFS
20,6,2.691,mr.j,1,DFS
20,6,2.708,mr.j,1,DFS
20,6,2.725,mr.j,1,DFS
20,6,2.742,mr.j,1,DFS
20,6,2.759,mr.j,1,DFS
20,6,2.776,mr.j,1,DFS
20,6,2.793,mr.j,1,DFS
20,6,2.81,mr.j,1,DFS
20,6,2.826,mr.j,1,DFS
20,7,2.843,mr.j,1,DFS
20,7,2.859,mr.j,1,DFS
20,7,2.876,mr.j,1,DFS
20,7,2.893,mr.j,1,DFS
20,7,2.91,mr.j,1,DFS
20,7,2.927,mr.j,1,DFS
20,7,2.944,mr.j,1,DFS
20,7,2.961,mr.j,1,DFS
20,7,2.978,mr.j,1,DFS
20,7,2.995,mr.j,1,DFS
20,7,3.012,mr.j,1,DFS
20,7,3.028,mr.j,1,DFS
20,8,3.045,mr.j,1,DFS
20,8,3.062,mr.j,1,DFS
20,8,3.079,mr.j,1,DFS
20,8,3.097,mr.j,1,DFS
20,8,3.113,mr.j,1,DFS
20,8,3.13,mr.j,1,DFS
20,8,3.146,mr.j,1,DFS
20,8,3.162,mr.j,1,DFS
20,8,3.178,mr.j,1,DFS
20,8,3.195,mr.j,1,DFS
20,8,3.212,mr.j,1,DFS
20,8,3.229,mr.j,1,DFS
20,9,3.246,mr.j,1,DFS
20,9,3.262,mr.j,1,DFS
20,9,3.279,mr.j,1,DFS
20,9,3.295,mr.j,1,DFS
20,9,3.313,mr.j,1,DFS
20,9,3.329,mr.j,1,DFS
20,9,3.345,mr.j,1,DFS
20,9,3.362,mr.j,1,DFS
20,9,3.379,mr.j,1,DFS
20,9,3.397,mr.j,1,DFS
20,9,3.413,mr.j,1,DFS
20,9,3.43,mr.j,1,DFS
20,10,3.447,mr.j,1,DFS
20,10,3.463,mr.j,1,DFS
20,10,3.479,mr.j,1,DFS
20,10,3.496,mr.j,1,DFS
20,10,3.513,mr.j,1,DFS
20,10,3.53,mr.j,1,DFS
20,10,3.547,mr.j,1,DFS
20,10,3.564,mr.j,1,DFS
20,10,3.581,mr.j,1,DFS
20,10,3.598,mr.j,1,DFS
20,10,3.615,mr.j,1,DFS
20,10,3.632,mr.j,1,DFS
20,11,3.648,mr.j,1,DFS
20,11,3.665,mr.j,1,DFS
20,11,3.682,mr.j,1,DFS
20,11,3.699,mr.j,1,DFS
20,11,3.715,mr.j,1,DFS
20,11,3.732,mr.j,1,DFS
20,11,3.749,mr.j,1,DFS
20,11,3.766,mr.j,1,DFS
20,11,3.783,mr.j,1,DFS
20,11,3.799,mr.j,1,DFS
20,11,3.816,mr.j,1,DFS
20,11,3.832,mr.j,1,DFS
20,12,3.849,mr.j,1,DFS
20,12,3.866,mr.j,1,DFS
20,12,3.882,mr.j,1,DFS
20,12,3.899,mr.j,1,DFS
20,12,3.916,mr.j,1,DFS
20,12,3.933,mr.j,1,DFS
20,12,3.95,mr.j,1,DFS
20,12,3.967,mr.j,1,DFS
20,12,3.983,mr.j,1,DFS
20,12,4.001,mr.j,1,DFS
20,12,4.017,mr.j,1,DFS
20,12,4.034,mr.j,1,DFS
20,13,4.051,mr.j,1,DFS
20,13,4.066,mr.j,1,DFS
20,13,4.084,mr.j,1,DFS
20,13,4.101,mr.j,1,DFS
20,13,4.117,mr.j,1,DFS
20,13,4.134,mr.j,1,DFS
20,13,4.151,mr.j,1,DFS
20,13,4.168,mr.j,1,DFS
20,13,4.185,mr.j,1,DFS
20,13,4.201,mr.j,1,DFS
20,13,4.218,mr.j,1,DFS
20,13,4.236,mr.j,1,DFS
20,14,4.253,mr.j,1,DFS
20,14,4.269,mr.j,1,DFS
20,14,4.286,mr.j,1,DFS
20,14,4.303,mr.j,1,DFS
20,14,4.32,mr.j,1,DFS
20,14,4.338,mr.j,1,DFS
20,14,4.354,mr.j,1,DFS
20,14,4.371,mr.j,1,DFS
20,14,4.387,mr.j,1,DFS
20,14,4.405,mr.j,1,DFS
20,14,4.421,mr.j,1,DFS
20,14,4.438,mr.j,1,DFS
20,15,4.456,mr.j,1,DFS
20,15,4.472,mr.j,1,DFS
20,15,4.489,mr.j,1,DFS
20,15,4.506,mr.j,1,DFS
20,15,4.523,mr.j,1,DFS
20,15,4.54,mr.j,1,DFS
20,15,4.558,mr.j,1,DFS
20,15,4.574,mr.j,1,DFS
20,15,4.591,mr.j,1,DFS
20,15,4.608,mr.j,1,DFS
20,15,4.626,mr.j,1,DFS
20,15,4.642,mr.j,1,DFS
20,16,4.659,mr.j,1,DFS
20,16,4.676,mr.j,1,DFS
20,16,4.692,mr.j,1,DFS
20,16,4.709,mr.j,1,DFS
20,16,4.725,mr.j,1,DFS
20,16,4.742,mr.j,1,DFS
20,16,4.759,mr.j,1,DFS
20,16,4.775,mr.j,1,DFS
20,16,4.792,mr.j,1,DFS
20,16,4.809,mr.j,1,DFS
20,16,4.826,mr.j,1,DFS
20,16,4.843,mr.j,1,DFS
20,17,4.86,mr.j,1,DFS
20,17,4.877,mr.j,1,DFS
20,17,4.894,mr.j,1,DFS
20,17,4.912,mr.j,1,DFS
20,17,4.928,mr.j,1,DFS
20,17,4.945,mr.j,1,DFS
20,17,4.962,mr.j,1,DFS
20,17,4.979,mr.j,1,DFS
20,17,4.997,mr.j,1,DFS
20,17,5.013,mr.j,1,DFS
20,17,5.03,mr.j,1,DFS
20,17,5.048,mr.j,1,DFS
20,18,5.064,mr.j,1,DFS
20,18,5.082,mr.j,1,DFS
20,18,5.098,mr.j,1,DFS
20,18,5.114,mr.j,1,DFS
20,18,5.132,mr.j,1,DFS
20,18,5.149,mr.j,1,DFS
20,18,5.166,mr.j,1,DFS
20,18,5.182,mr.j,1,DFS
20,18,5.199,mr.j,1,DFS
20,18,5.217,mr.j,1,DFS
20,18,5.233,mr.j,1,DFS
20,18,5.25,mr.j,1,DFS
20,19,5.267,mr.j,1,DFS
20,19,5.284,mr.j,1,DFS
20,19,5.302,mr.j,1,DFS
20,19,5.318,mr.j,1,DFS
20,19,5.335,mr.j,1,DFS
20,19,5.352,mr.j,1,DFS
20,19,5.369,mr.j,1,DFS
20,19,5.387,mr.j,1,DFS
20,19,5.403,mr.j,1,DFS
20,19,5.42,mr.j,1,DFS
20,19,5.437,mr.j,1,DFS
20,19,5.455,mr.j,1,DFS
20,20,5.471,mr.j,1,DFS
20,20,5.488,mr.j,1,DFS
20,20,5.505,mr.j,1,DFS
20,20,5.521,mr.j,1,DFS
20,20,5.537,mr.j,1,DFS
20,20,5.554,mr.j,1,DFS
20,20,5.571,mr.j,1,DFS
20,20,5.587,mr.j,1,DFS
20,20,5.605,mr.j,1,DFS
20,20,5.622,mr.j,1,DFS
20,20,5.638,mr.j,1,DFS
20,20,5.655,mr.j,1,DFS
20,21,5.672,mr.j,1,DFS
20,21,5.69,mr.j,1,DFS
20,21,5.708,mr.j,1,DFS
20,21,5.724,mr.j,1,DFS
20,21,5.741,mr.j,1,DFS
20,21,5.758,mr.j,1,DFS
20,21,5.775,mr.j,1,DFS
20,21,5.793,mr.j,1,DFS
20,21,5.809,mr.j,1,DFS
20,21,5.826,mr.j,1,DFS
20,21,5.843,mr.j,1,DFS
20,21,5.86,mr.j,1,DFS
20,22,5.877,mr.j,1,DFS
20,22,5.895,mr.j,1,DFS
20,22,5.911,mr.j,1,DFS
20,22,5.928,mr.j,1,DFS
20,22,5.945,mr.j,1,DFS
20,22,5.962,mr.j,1,DFS
20,22,5.98,mr.j,1,DFS
20,22,5.996,mr.j,1,DFS
20,22,6.013,mr.j,1,DFS
20,22,6.029,mr.j,1,DFS
20,22,6.046,mr.j,1,DFS
20,22,6.063,mr.j,1,DFS
20,23,6.08,mr.j,1,DFS
20,23,6.097,mr.j,1,DFS
20,23,6.115,mr.j,1,DFS
20,23,6.131,mr.j,1,DFS
20,23,6.148,mr.j,1,DFS
20,23,6.166,mr.j,1,DFS
20,23,6.183,mr.j,1,DFS
20,23,6.199,mr.j,1,DFS
20,23,6.216,mr.j,1,DFS
20,23,6.233,mr.j,1,DFS
20,23,6.25,mr.j,1,DFS
20,23,6.267,mr.j,1,DFS
20,24,6.283,mr.j,1,DFS
20,24,6.3,mr.j,1,DFS
20,24,6.316,mr.j,1,DFS
20,24,6.334,mr.j,1,DFS
20,24,6.35,mr.j,1,DFS
20,24,6.367,mr.j,1,DFS
20,24,6.383,mr.j,1,DFS
20,24,6.399,mr.j,1,DFS
20,24,6.416,mr.j,1,DFS
20,24,6.432,mr.j,1,DFS
20,24,6.449,mr.j,1,DFS
20,24,6.467,mr.j,1,DFS
20,25,6.483,mr.j,1,DFS
20,25,6.5,mr.j,1,DFS
20,25,6.518,mr.j,1,DFS
20,25,6.535,mr.j,1,DFS
20,25,6.551,mr.j,1,DFS
20,25,6.568,mr.j,1,DFS
20,25,6.584,mr.j,1,DFS
20,25,6.601,mr.j,1,DFS
20,25,6.619,mr.j,1,DFS
20,25,6.635,mr.j,1,DFS
20,25,6.653,mr.j,1,DFS
20,25,6.67,mr.j,1,DFS
20,26,6.686,mr.j,1,DFS
20,26,6.703,mr.j,1,DFS
20,26,6.721,mr.j,1,DFS
20,26,6.737,mr.j,1,DFS
20,26,6.754,mr.j,1,DFS
20,26,6.771,mr.j,1,DFS
20,26,6.788,mr.j,1,DFS
20,26,6.806,mr.j,1,DFS
20,26,6.823,mr.j,1,DFS
20,26,6.839,mr.j,1,DFS
20,26,6.856,mr.j,1,DFS
20,26,6.872,mr.j,1,DFS
20,27,6.889,mr.j,1,DFS
20,27,6.906,mr.j,1,DFS
20,27,6.924,mr.j,1,DFS
20,27,6.94,mr.j,1,DFS
20,27,6.957,mr.j,1,DFS
20,27,6.974,mr.j,1,DFS
20,27,6.991,mr.j,1,DFS
20,27,7.009,mr.j,1,DFS
20,27,7.025,mr.j,1,DFS
20,27,7.042,mr.j,1,DFS
20,27,7.059,mr.j,1,DFS
20,27,7.076,mr.j,1,DFS
20,28,7.093,mr.j,1,DFS
20,28,7.11,mr.j,1,DFS
20,28,7.127,mr.j,1,DFS
20,28,7.145,mr.j,1,DFS
20,28,7.162,mr.j,1,DFS
20,28,7.178,mr.j,1,DFS
20,28,7.195,mr.j,1,DFS
20,28,7.212,mr.j,1,DFS
20,28,7.229,mr.j,1,DFS
20,28,7.245,mr.j,1,DFS
20,28,7.262,mr.j,1,DFS
20,28,7.279,mr.j,1,DFS
20,29,7.296,mr.j,1,DFS
20,29,7.313,mr.j,1,DFS
20,29,7.331,mr.j,1,DFS
20,29,7.348,mr.j,1,DFS
20,29,7.364,mr.j,1,DFS
20,29,7.38,mr.j,1,DFS
20,29,7.397,mr.j,1,DFS
20,29,7.415,mr.j,1,DFS
20,29,7.431,mr.j,1,DFS
20,29,7.448,mr.j,1,DFS
20,29,7.465,mr.j,1,DFS
20,29,7.482,mr.j,1,DFS
20,30,7.498,mr.j,1,DFS
20,30,7.515,mr.j,1,DFS
20,30,7.532,mr.j,1,DFS
20,30,7.549,mr.j,1,DFS
20,30,7.565,mr.j,1,DFS
20,30,7.582,mr.j,1,DFS
20,30,7.599,mr.j,1,DFS
20,30,7.615,mr.j,1,DFS
20,30,7.633,mr.j,1,DFS
20,30,7.65,mr.j,1,DFS
20,30,7.667,mr.j,1,DFS
20,30,7.684,mr.j,1,DFS
20,31,7.701,mr.j,1,DFS
20,31,7.717,mr.j,1,DFS
20,31,7.734,mr.j,1,DFS
20,31,7.751,mr.j,1,DFS
20,31,7.768,mr.j,1,DFS
20,31,7.785,mr.j,1,DFS
20,31,7.803,mr.j,1,DFS
20,31,7.819,mr.j,1,DFS
20,31,7.836,mr.j,1,DFS
20,31,7.854,mr.j,1,DFS
20,31,7.871,mr.j,1,DFS
20,31,7.887,mr.j,1,DFS
20,32,7.905,mr.j,1,DFS
20,32,7.922,mr.j,1,DFS
20,32,7.938,mr.j,1,DFS
20,32,7.956,mr.j,1,DFS
20,32,7.973,mr.j,1,DFS
20,32,7.99,mr.j,1,DFS
20,32,8.006,mr.j,1,DFS
20,32,8.023,mr.j,1,DFS
20,32,8.04,mr.j,1,DFS
20,32,8.057,mr.j,1,DFS
20,32,8.075,mr.j,1,DFS
20,32,8.091,mr.j,1,DFS
20,33,8.109,mr.j,1,DFS
20,33,8.125,mr.j,1,DFS
20,33,8.142,mr.j,1,DFS
20,33,8.159,mr.j,1,DFS
20,33,8.175,mr.j,1,DFS
20,33,8.192,mr.j,1,DFS
20,33,8.21,mr.j,1,DFS
20,33,8.227,mr.j,1,DFS
20,33,8.243,mr.j,1,DFS
20,33,8.26,mr.j,1,DFS
20,33,8.277,mr.j,1,DFS
20,33,8.294,mr.j,1,DFS
20,34,8.312,mr.j,1,DFS
20,34,8.328,mr.j,1,DFS
20,34,8.345,mr.j,1,DFS
20,34,8.362,mr.j,1,DFS
20,34,8.379,mr.j,1,DFS
20,34,8.396,mr.j,1,DFS
20,34,8.412,mr.j,1,DFS
20,34,8.429,mr.j,1,DFS
20,34,8.447,mr.j,1,DFS
20,34,8.463,mr.j,1,DFS
20,34,8.479,mr.j,1,DFS
20,34,8.496,mr.j,1,DFS
20,35,8.514,mr.j,1,DFS
20,35,8.53,mr.j,1,DFS
20,35,8.547,mr.j,1,DFS
20,35,8.563,mr.j,1,DFS
20,35,8.58,mr.j,1,DFS
20,35,8.596,mr.j,1,DFS
20,35,8.612,mr.j,1,DFS
20,35,8.629,mr.j,1,DFS
20,35,8.646,mr.j,1,DFS
20,35,8.664,mr.j,1,DFS
20,35,8.68,mr.j,1,DFS
20,35,8.697,mr.j,1,DFS
20,36,8.714,mr.j,1,DFS
20,36,8.731,mr.j,1,DFS
20,36,8.748,mr.j,1,DFS
20,36,8.764,mr.j,1,DFS
20,36,8.781,mr.j,1,DFS
20,36,8.798,mr.j,1,DFS
20,36,8.815,mr.j,1,DFS
20,36,8.832,mr.j,1,DFS
20,36,8.849,mr.j,1,DFS
20,36,8.866,mr.j,1,DFS
20,36,8.883,mr.j,1,DFS
20,36,8.9,mr.j,1,DFS
20,37,8.918,mr.j,1,DFS
20,37,8.934,mr.j,1,DFS
20,37,8.951,mr.j,1,DFS
20,37,8.968,mr.j,1,DFS
20,37,8.985,mr.j,1,DFS
20,37,9.002,mr.j,1,DFS
20,37,9.019,mr.j,1,DFS
20,37,9.037,mr.j,1,DFS
20,37,9.054,mr.j,1,DFS
20,37,9.071,mr.j,1,DFS
20,37,9.087,mr.j,1,DFS
20,37,9.104,mr.j,1,DFS
20,38,9.121,mr.j,1,DFS
20,38,9.138,mr.j,1,DFS
20,38,9.154,mr.j,1,DFS
20,38,9.17,mr.j,1,DFS
20,38,9.186,mr.j,1,DFS
20,38,9.203,mr.j,1,DFS
20,38,9.22,mr.j,1,DFS
20,38,9.236,mr.j,1,DFS
20,38,9.253,mr.j,1,DFS
20,38,9.271,mr.j,1,DFS
20,38,9.287,mr.j,1,DFS
20,38,9.304,mr.j,1,DFS
20,39,9.322,mr.j,1,DFS
20,39,9.338,mr.j,1,DFS
20,39,9.355,mr.j,1,DFS
20,39,9.372,mr.j,1,DFS
20,39,9.389,mr.j,1,DFS
20,39,9.405,mr.j,1,DFS
20,39,9.422,mr.j,1,DFS
20,39,9.439,mr.j,1,DFS
20,39,9.457,mr.j,1,DFS
20,39,9.474,mr.j,1,DFS
20,39,9.491,mr.j,1,DFS
20,39,9.507,mr.j,1,DFS
20,40,9.524,mr.j,1,DFS
20,40,9.541,mr.j,1,DFS
20,40,9.557,mr.j,1,DFS
20,40,9.574,mr.j,1,DFS
20,40,9.591,mr.j,1,DFS
20,40,9.608,mr.j,1,DFS
20,40,9.625,mr.j,1,DFS
20,40,9.641,mr.j,1,DFS
20,40,9.657,mr.j,1,DFS
20,40,9.674,mr.j,1,DFS
20,40,9.691,mr.j,1,DFS
20,40,9.707,mr.j,1,DFS
20,41,9.725,mr.j,1,DFS
20,41,9.741,mr.j,1,DFS
20,41,9.758,mr.j,1,DFS
20,41,9.775,mr.j,1,DFS
20,41,9.792,mr.j,1,DFS
20,41,9.809,mr.j,1,DFS
20,41,9.825,mr.j,1,DFS
20,41,9.842,mr.j,1,DFS
20,41,9.859,mr.j,1,DFS
20,41,9.875,mr.j,1,DFS
20,41,9.893,mr.j,1,DFS
20,41,9.909,mr.j,1,DFS
20,42,9.926,mr.j,1,DFS
20,42,9.943,mr.j,1,DFS
20,42,9.96,mr.j,1,DFS
20,42,9.978,mr.j,1,DFS
20,42,9.994,mr.j,1,DFS
20,42,10.011,mr.j,1,DFS
20,42,10.029,mr.j,1,DFS
20,42,10.047,mr.j,1,DFS
20,42,10.063,mr.j,1,DFS
20,42,10.079,mr.j,1,DFS
20,42,10.096,mr.j,1,DFS
20,42,10.114,mr.j,1,DFS
19,42,10.13,mr.j,1,DFS
19,42,10.147,mr.j,1,DFS
19,42,10.164,mr.j,1,DFS
19,42,10.182,mr.j,1,DFS
19,42,10.198,mr.j,1,DFS
19,42,10.214,mr.j,1,DFS
19,42,10.231,mr.j,1,DFS
19,42,10.249,mr.j,1,DFS
19,42,10.266,mr.j,1,DFS
19,42,10.283,mr.j,1,DFS
19,42,10.299,mr.j,1,DFS
19,42,10.316,mr.j,1,DFS
18,42,10.332,mr.j,1,DFS
18,42,10.35,mr.j,1,DFS
18,42,10.367,mr.j,1,DFS
18,42,10.383,mr.j,1,DFS
18,42,10.4,mr.j,1,DFS
18,42,10.417,mr.j,1,DFS
18,42,10.433,mr.j,1,DFS
18,42,10.45,mr.j,1,DFS
18,42,10.465,mr.j,1,DFS
18,42,10.482,mr.j,1,DFS
18,42,10.498,mr.j,1,DFS
18,42,10.515,mr.j,1,DFS
18,42,10.531,mr.j,1,DFS
18,41,10.549,mr.j,1,DFS
18,41,10.565,mr.j,1,DFS
18,41,10.582,mr.j,1,DFS
18,41,10.6,mr.j,1,DFS
18,41,10.617,mr.j,1,DFS
18,41,10.633,mr.j,1,DFS
18,41,10.649,mr.j,1,DFS
18,41,10.665,mr.j,1,DFS
18,41,10.682,mr.j,1,DFS
18,41,10.7,mr.j,1,DFS
18,41,10.716,mr.j,1,DFS
18,41,10.733,mr.j,1,DFS
18,40,11.745,mr.j,1,DFS
18,40,11.763,mr.j,1,DFS
18,40,11.778,mr.j,1,DFS
18,40,11.795,mr.j,1,DFS
18,40,11.812,mr.j,1,DFS
18,40,11.83,mr.j,1,DFS
18,40,11.853,mr.j,1,DFS
18,40,11.87,mr.j,1,DFS
18,40,11.887,mr.j,1,DFS
18,40,11.904,mr.j,1,DFS
18,40,11.92,mr.j,1,DFS
18,40,11.938,mr.j,1,DFS
18,39,11.955,mr.j,1,DFS
18,39,11.971,mr.j,1,DFS
18,39,11.987,mr.j,1,DFS
18,39,12.003,mr.j,1,DFS
18,39,12.019,mr.j,1,DFS
18,39,12.036,mr.j,1,DFS
18,39,12.053,mr.j,1,DFS
18,39,12.069,mr.j,1,DFS
18,39,12.086,mr.j,1,DFS
18,39,12.103,mr.j,1,DFS
18,39,12.12,mr.j,1,DFS
18,39,12.137,mr.j,1,DFS
18,39,12.153,mr.j,1,DFS
17,39,12.169,mr.j,1,DFS
17,39,12.185,mr.j,1,DFS
17,39,12.202,mr.j,1,DFS
17,39,12.218,mr.j,1,DFS
17,39,12.235,mr.j,1,DFS
17,39,12.252,mr.j,1,DFS
17,39,12.269,mr.j,1,DFS
17,39,12.286,mr.j,1,DFS
17,39,12.303,mr.j,1,DFS
17,39,12.321,mr.j,1,DFS
17,39,12.337,mr.j,1,DFS
17,39,12.354,mr.j,1,DFS
16,39,12.371,mr.j,1,DFS
16,39,12.389,mr.j,1,DFS
16,39,12.405,mr.j,1,DFS
16,39,12.423,mr.j,1,DFS
16,39,12.439,mr.j,1,DFS
16,39,12.455,mr.j,1,DFS
16,39,12.472,mr.j,1,DFS
16,39,12.488,mr.j,1,DFS
16,39,12.505,mr.j,1,DFS
16,39,12.522,mr.j,1,DFS
16,39,12.539,mr.j,1,DFS
16,39,12.555,mr.j,1,DFS
16,40,12.573,mr.j,1,DFS
16,40,12.589,mr.j,1,DFS
16,40,12.605,mr.j,1,DFS
16,40,12.623,mr.j,1,DFS
16,40,12.638,mr.j,1,DFS
16,40,12.655,mr.j,1,DFS
16,40,12.671,mr.j,1,DFS
16,40,12.687,mr.j,1,DFS
16,40,12.704,mr.j,1,DFS
16,40,12.721,mr.j,1,DFS
16,40,12.737,mr.j,1,DFS
16,40,12.754,mr.j,1,DFS
16,40,12.771,mr.j,1,DFS
16,41,12.788,mr.j,1,DFS
16,41,12.805,mr.j,1,DFS
16,41,12.822,mr.j,1,DFS
16,41,12.84,mr.j,1,DFS
16,41,12.856,mr.j,1,DFS
16,41,12.872,mr.j,1,DFS
16,41,12.889,mr.j,1,DFS
16,41,12.905,mr.j,1,DFS
16,41,12.923,mr.j,1,DFS
16,41,12.939,mr.j,1,DFS
16,41,12.957,mr.j,1,DFS
16,41,12.973,mr.j,1,DFS
16,42,12.99,mr.j,1,DFS
16,42,13.008,mr.j,1,DFS
16,42,13.024,mr.j,1,DFS
16,42,13.041,mr.j,1,DFS
16,42,13.058,mr.j,1,DFS
16,42,13.076,mr.j,1,DFS
16,42,13.092,mr.j,1,DFS
16,42,13.109,mr.j,1,DFS
16,42,13.125,mr.j,1,DFS
16,42,13.143,mr.j,1,DFS
16,42,13.159,mr.j,1,DFS
16,42,13.177,mr.j,1,DFS
15,42,13.193,mr.j,1,DFS
15,42,13.209,mr.j,1,DFS
15,42,13.226,mr.j,1,DFS
15,42,13.242,mr.j,1,DFS
15,42,13.259,mr.j,1,DFS
15,42,13.276,mr.j,1,DFS
15,42,13.292,mr.j,1,DFS
15,42,13.31,mr.j,1,DFS
15,42,13.327,mr.j,1,DFS
15,42,13.343,mr.j,1,DFS
15,42,13.36,mr.j,1,DFS
15,42,13.378,mr.j,1,DFS
14,42,13.395,mr.j,1,DFS
14,42,13.411,mr.j,1,DFS
14,42,13.428,mr.j,1,DFS
14,42,13.446,mr.j,1,DFS
14,42,13.462,mr.j,1,DFS
14,42,13.479,mr.j,1,DFS
14,42,13.495,mr.j,1,DFS
14,42,13.511,mr.j,1,DFS
14,42,13.528,mr.j,1,DFS
14,42,13.545,mr.j,1,DFS
14,42,13.563,mr.j,1,DFS
14,42,13.579,mr.j,1,DFS
14,41,13.595,mr.j,1,DFS
14,41,13.611,mr.j,1,DFS
14,41,13.628,mr.j,1,DFS
14,41,13.645,mr.j,1,DFS
14,41,13.662,mr.j,1,DFS
14,41,13.678,mr.j,1,DFS
14,41,13.696,mr.j,1,DFS
14,41,13.712,mr.j,1,DFS
14,41,13.728,mr.j,1,DFS
14,41,13.745,mr.j,1,DFS
14,41,13.762,mr.j,1,DFS
14,41,13.778,mr.j,1,DFS
14,40,13.795,mr.j,1,DFS
14,40,13.812,mr.j,1,DFS
14,40,13.829,mr.j,1,DFS
14,40,13.847,mr.j,1,DFS
14,40,13.863,mr.j,1,DFS
14,40,13.88,mr.j,1,DFS
14,40,13.896,mr.j,1,DFS
14,40,13.913,mr.j,1,DFS
14,40,13.93,mr.j,1,DFS
14,40,13.946,mr.j,1,DFS
14,40,13.962,mr.j,1,DFS
14,40,13.978,mr.j,1,DFS
14,39,13.995,mr.j,1,DFS
14,39,14.013,mr.j,1,DFS
14,39,14.029,mr.j,1,DFS
14,39,14.046,mr.j,1,DFS
14,39,14.063,mr.j,1,DFS
14,39,14.081,mr.j,1,DFS
14,39,14.097,mr.j,1,DFS
14,39,14.114,mr.j,1,DFS
14,39,14.131,mr.j,1,DFS
14,39,14.149,mr.j,1,DFS
14,39,14.165,mr.j,1,DFS
14,39,14.182,mr.j,1,DFS
13,39,14.198,mr.j,1,DFS
13,39,14.214,mr.j,1,DFS
13,39,14.23,mr.j,1,DFS
13,39,14.247,mr.j,1,DFS
13,39,14.264,mr.j,1,DFS
13,39,14.281,mr.j,1,DFS
13,39,14.298,mr.j,1,DFS
13,39,14.314,mr.j,1,DFS
13,39,14.332,mr.j,1,DFS
13,39,14.348,mr.j,1,DFS
13,39,14.365,mr.j,1,DFS
13,39,14.383,mr.j,1,DFS
12,39,14.399,mr.j,1,DFS
12,39,14.416,mr.j,1,DFS
12,39,14.433,mr.j,1,DFS
12,39,14.45,mr.j,1,DFS
12,39,14.467,mr.j,1,DFS
12,39,14.485,mr.j,1,DFS
12,39,14.501,mr.j,1,DFS
12,39,14.518,mr.j,1,DFS
12,39,14.535,mr.j,1,DFS
12,39,14.552,mr.j,1,DFS
12,39,14.568,mr.j,1,DFS
12,39,14.585,mr.j,1,DFS
12,40,14.603,mr.j,1,DFS
12,40,14.619,mr.j,1,DFS
12,40,14.637,mr.j,1,DFS
12,40,14.653,mr.j,1,DFS
12,40,14.671,mr.j,1,DFS
12,40,14.687,mr.j,1,DFS
12,40,14.704,mr.j,1,DFS
12,40,14.722,mr.j,1,DFS
12,40,14.738,mr.j,1,DFS
12,40,14.756,mr.j,1,DFS
12,40,14.772,mr.j,1,DFS
12,40,14.79,mr.j,1,DFS
12,41,14.806,mr.j,1,DFS
12,41,14.824,mr.j,1,DFS
12,41,14.841,mr.j,1,DFS
12,41,14.858,mr.j,1,DFS
12,41,14.874,mr.j,1,DFS
12,41,14.892,mr.j,1,DFS
12,41,14.908,mr.j,1,DFS
12,41,14.925,mr.j,1,DFS
12,41,14.942,mr.j,1,DFS
12,41,14.96,mr.j,1,DFS
12,41,14.977,mr.j,1,DFS
12,41,14.993,mr.j,1,DFS
12,42,15.01,mr.j,1,DFS
12,42,15.026,mr.j,1,DFS
12,42,15.044,mr.j,1,DFS
12,42,15.06,mr.j,1,DFS
12,42,15.076,mr.j,1,DFS
12,42,15.092,mr.j,1,DFS
12,42,15.109,mr.j,1,DFS
12,42,15.126,mr.j,1,DFS
12,42,15.143,mr.j,1,DFS
12,42,15.16,mr.j,1,DFS
12,42,15.176,mr.j,1,DFS
12,42,15.192,mr.j,1,DFS
12,42,15.208,mr.j,1,DFS
11,42,15.225,mr.j,1,DFS
11,42,15.241,mr.j,1,DFS
11,42,15.258,mr.j,1,DFS
11,42,15.276,mr.j,1,DFS
11,42,15.293,mr.j,1,DFS
11,42,15.309,mr.j,1,DFS
11,42,15.326,mr.j,1,DFS
11,42,15.343,mr.j,1,DFS
11,42,15.361,mr.j,1,DFS
11,42,15.378,mr.j,1,DFS
11,42,15.394,mr.j,1,DFS
11,42,15.412,mr.j,1,DFS
10,42,15.428,mr.j,1,DFS
10,42,15.446,mr.j,1,DFS
10,42,15.462,mr.j,1,DFS
10,42,15.48,mr.j,1,DFS
10,42,15.496,mr.j,1,DFS
10,42,15.514,mr.j,1,DFS
10,42,15.53,mr.j,1,DFS
10,42,15.547,mr.j,1,DFS
10,42,15.564,mr.j,1,DFS
10,42,15.581,mr.j,1,DFS
10,42,15.6,mr.j,1,DFS
10,42,15.624,mr.j,1,DFS
10,41,15.637,mr.j,1,DFS
10,41,15.653,mr.j,1,DFS
10,41,15.669,mr.j,1,DFS
10,41,15.687,mr.j,1,DFS
10,41,15.702,mr.j,1,DFS
10,41,15.719,mr.j,1,DFS
10,41,15.734,mr.j,1,DFS
10,41,15.751,mr.j,1,DFS
10,41,15.767,mr.j,1,DFS
10,41,15.784,mr.j,1,DFS
10,41,15.8,mr.j,1,DFS
10,41,15.816,mr.j,1,DFS
10,41,15.833,mr.j,1,DFS
10,40,15.851,mr.j,1,DFS
10,40,15.868,mr.j,1,DFS
10,40,15.884,mr.j,1,DFS
10,40,15.901,mr.j,1,DFS
10,40,15.919,mr.j,1,DFS
10,40,15.936,mr.j,1,DFS
10,40,15.952,mr.j,1,DFS
10,40,15.97,mr.j,1,DFS
10,40,15.986,mr.j,1,DFS
10,40,16.003,mr.j,1,DFS
10,40,16.019,mr.j,1,DFS
10,40,16.036,mr.j,1,DFS
10,39,16.053,mr.j,1,DFS
10,39,16.07,mr.j,1,DFS
10,39,16.087,mr.j,1,DFS
10,39,16.104,mr.j,1,DFS
10,39,16.121,mr.j,1,DFS
10,39,16.138,mr.j,1,DFS
10,39,16.155,mr.j,1,DFS
10,39,16.173,mr.j,1,DFS
10,39,16.189,mr.j,1,DFS
10,39,16.206,mr.j,1,DFS
10,39,16.224,mr.j,1,DFS
10,39,16.24,mr.j,1,DFS
10,38,16.257,mr.j,1,DFS
10,38,16.273,mr.j,1,DFS
10,38,16.29,mr.j,1,DFS
10,38,16.306,mr.j,1,DFS
10,38,16.323,mr.j,1,DFS
10,38,16.341,mr.j,1,DFS
10,38,16.357,mr.j,1,DFS
10,38,16.375,mr.j,1,DFS
10,38,16.391,mr.j,1,DFS
10,38,16.409,mr.j,1,DFS
10,38,16.425,mr.j,1,DFS
10,38,16.442,mr.j,1,DFS
11,38,16.459,mr.j,1,DFS
11,38,16.476,mr.j,1,DFS
11,38,16.493,mr.j,1,DFS
11,38,16.51,mr.j,1,DFS
11,38,16.528,mr.j,1,DFS
11,38,16.544,mr.j,1,DFS
11,38,16.561,mr.j,1,DFS
11,38,16.578,mr.j,1,DFS
11,38,16.595,mr.j,1,DFS
11,38,16.611,mr.j,1,DFS
11,38,16.628,mr.j,1,DFS
11,38,16.645,mr.j,1,DFS
11,37,16.661,mr.j,1,DFS
11,37,16.679,mr.j,1,DFS
11,37,16.695,mr.j,1,DFS
11,37,16.712,mr.j,1,DFS
11,37,16.73,mr.j,1,DFS
11,37,16.746,mr.j,1,DFS
11,37,16.764,mr.j,1,DFS
11,37,16.78,mr.j,1,DFS
11,37,16.797,mr.j,1,DFS
11,37,16.813,mr.j,1,DFS
11,37,16.83,mr.j,1,DFS
11,37,16.846,mr.j,1,DFS
12,37,16.863,mr.j,1,DFS
12,37,16.88,mr.j,1,DFS
12,37,16.898,mr.j,1,DFS
12,37,16.915,mr.j,1,DFS
12,37,16.931,mr.j,1,DFS
12,37,16.949,mr.j,1,DFS
12,37,16.965,mr.j,1,DFS
12,37,16.983,mr.j,1,DFS
12,37,16.999,mr.j,1,DFS
12,37,17.016,mr.j,1,DFS
12,37,17.032,mr.j,1,DFS
12,37,17.049,mr.j,1,DFS
12,36,17.065,mr.j,1,DFS
12,36,17.082,mr.j,1,DFS
12,36,17.1,mr.j,1,DFS
12,36,17.116,mr.j,1,DFS
12,36,17.134,mr.j,1,DFS
12,36,17.151,mr.j,1,DFS
12,36,17.167,mr.j,1,DFS
12,36,17.183,mr.j,1,DFS
12,36,17.201,mr.j,1,DFS
12,36,17.217,mr.j,1,DFS
12,36,17.233,mr.j,1,DFS
12,36,17.249,mr.j,1,DFS
12,35,17.265,mr.j,1,DFS
12,35,17.282,mr.j,1,DFS
12,35,17.298,mr.j,1,DFS
12,35,17.314,mr.j,1,DFS
12,35,17.331,mr.j,1,DFS
12,35,17.348,mr.j,1,DFS
12,35,17.365,mr.j,1,DFS
12,35,17.382,mr.j,1,DFS
12,35,17.398,mr.j,1,DFS
12,35,17.415,mr.j,1,DFS
12,35,17.432,mr.j,1,DFS
12,35,17.449,mr.j,1,DFS
12,34,17.467,mr.j,1,DFS
12,34,17.484,mr.j,1,DFS
12,34,17.5,mr.j,1,DFS
12,34,17.517,mr.j,1,DFS
12,34,17.534,mr.j,1,DFS
12,34,17.551,mr.j,1,DFS
12,34,17.567,mr.j,1,DFS
12,34,17.584,mr.j,1,DFS
12,34,17.601,mr.j,1,DFS
12,34,17.618,mr.j,1,DFS
12,34,17.636,mr.j,1,DFS
12,34,17.653,mr.j,1,DFS
12,33,17.67,mr.j,1,DFS
12,33,17.686,mr.j,1,DFS
12,33,17.703,mr.j,1,DFS
12,33,17.72,mr.j,1,DFS
12,33,17.737,mr.j,1,DFS
12,33,17.755,mr.j,1,DFS
12,33,17.771,mr.j,1,DFS
12,33,17.788,mr.j,1,DFS
12,33,17.806,mr.j,1,DFS
12,33,17.822,mr.j,1,DFS
12,33,17.84,mr.j,1,DFS
12,33,17.856,mr.j,1,DFS
12,32,17.873,mr.j,1,DFS
12,32,17.89,mr.j,1,DFS
12,32,17.908,mr.j,1,DFS
12,32,17.925,mr.j,1,DFS
12,32,17.941,mr.j,1,DFS
12,32,17.958,mr.j,1,DFS
12,32,17.974,mr.j,1,DFS
12,32,17.991,mr.j,1,DFS
12,32,18.008,mr.j,1,DFS
12,32,18.025,mr.j,1,DFS
12,32,18.041,mr.j,1,DFS
12,32,18.058,mr.j,1,DFS
12,31,18.074,mr.j,1,DFS
12,31,18.092,mr.j,1,DFS
12,31,18.108,mr.j,1,DFS
12,31,18.125,mr.j,1,DFS
12,31,18.143,mr.j,1,DFS
12,31,18.159,mr.j,1,DFS
12,31,18.177,mr.j,1,DFS
12,31,18.193,mr.j,1,DFS
12,31,18.21,mr.j,1,DFS
12,31,18.228,mr.j,1,DFS
12,31,18.244,mr.j,1,DFS
12,31,18.262,mr.j,1,DFS
12,30,18.278,mr.j,1,DFS
12,30,18.295,mr.j,1,DFS
12,30,18.311,mr.j,1,DFS
12,30,18.328,mr.j,1,DFS
12,30,18.346,mr.j,1,DFS
12,30,18.362,mr.j,1,DFS
12,30,18.38,mr.j,1,DFS
12,30,18.396,mr.j,1,DFS
12,30,18.413,mr.j,1,DFS
12,30,18.431,mr.j,1,DFS
12,30,18.447,mr.j,1,DFS
12,30,18.464,mr.j,1,DFS
12,29,18.48,mr.j,1,DFS
12,29,18.497,mr.j,1,DFS
12,29,18.514,mr.j,1,DFS
12,29,18.531,mr.j,1,DFS
12,29,18.548,mr.j,1,DFS
12,29,18.565,mr.j,1,DFS
12,29,18.582,mr.j,1,DFS
12,29,18.599,mr.j,1,DFS
12,29,18.616,mr.j,1,DFS
12,29,18.633,mr.j,1,DFS
12,29,18.65,mr.j,1,DFS
12,29,18.667,mr.j,1,DFS
12,28,18.683,mr.j,1,DFS
12,28,18.7,mr.j,1,DFS
12,28,18.716,mr.j,1,DFS
12,28,18.732,mr.j,1,DFS
12,28,18.749,mr.j,1,DFS
12,28,18.765,mr.j,1,DFS
12,28,18.782,mr.j,1,DFS
12,28,18.799,mr.j,1,DFS
12,28,18.817,mr.j,1,DFS
12,28,18.834,mr.j,1,DFS
12,28,18.85,mr.j,1,DFS
12,28,18.867,mr.j,1,DFS
12,27,18.885,mr.j,1,DFS
12,27,18.901,mr.j,1,DFS
12,27,18.919,mr.j,1,DFS
12,27,18.936,mr.j,1,DFS
12,27,18.953,mr.j,1,DFS
12,27,18.971,mr.j,1,DFS
12,27,18.987,mr.j,1,DFS
12,27,19.005,mr.j,1,DFS
12,27,19.021,mr.j,1,DFS
12,27,19.038,mr.j,1,DFS
12,27,19.054,mr.j,1,DFS
12,27,19.072,mr.j,1,DFS
12,26,19.088,mr.j,1,DFS
12,26,19.106,mr.j,1,DFS
12,26,19.122,mr.j,1,DFS
12,26,19.14,mr.j,1,DFS
12,26,19.156,mr.j,1,DFS
12,26,19.173,mr.j,1,DFS
12,26,19.189,mr.j,1,DFS
12,26,19.207,mr.j,1,DFS
12,26,19.224,mr.j,1,DFS
12,26,19.242,mr.j,1,DFS
12,26,19.258,mr.j,1,DFS
12,26,19.276,mr.j,1,DFS
12,25,19.292,mr.j,1,DFS
12,25,19.309,mr.j,1,DFS
12,25,19.327,mr.j,1,DFS
12,25,19.343,mr.j,1,DFS
12,25,19.359,mr.j,1,DFS
12,25,19.376,mr.j,1,DFS
12,25,19.392,mr.j,1,DFS
12,25,19.409,mr.j,1,DFS
12,25,19.427,mr.j,1,DFS
12,25,19.443,mr.j,1,DFS
12,25,19.46,mr.j,1,DFS
12,25,19.477,mr.j,1,DFS
12,24,19.494,mr.j,1,DFS
12,24,19.511,mr.j,1,DFS
12,24,19.528,mr.j,1,DFS
12,24,19.544,mr.j,1,DFS
12,24,19.561,mr.j,1,DFS
12,24,19.578,mr.j,1,DFS
12,24,19.595,mr.j,1,DFS
12,24,19.612,mr.j,1,DFS
12,24,19.629,mr.j,1,DFS
12,24,19.646,mr.j,1,DFS
12,24,19.663,mr.j,1,DFS
12,24,19.681,mr.j,1,DFS
12,23,19.697,mr.j,1,DFS
12,23,19.714,mr.j,1,DFS
12,23,19.732,mr.j,1,DFS
12,23,19.748,mr.j,1,DFS
12,23,19.766,mr.j,1,DFS
12,23,19.782,mr.j,1,DFS
12,23,19.799,mr.j,1,DFS
12,23,19.816,mr.j,1,DFS
12,23,19.834,mr.j,1,DFS
12,23,19.85,mr.j,1,DFS
12,23,19.867,mr.j,1,DFS
12,23,19.885,mr.j,1,DFS
12,22,19.901,mr.j,1,DFS
12,22,19.918,mr.j,1,DFS
12,22,19.934,mr.j,1,DFS
12,22,19.951,mr.j,1,DFS
12,22,19.967,mr.j,1,DFS
12,22,19.984,mr.j,1,DFS
12,22,20.0,mr.j,1,DFS
12,22,20.018,mr.j,1,DFS
12,22,20.034,mr.j,1,DFS
12,22,20.052,mr.j,1,DFS
12,22,20.068,mr.j,1,DFS
12,22,20.085,mr.j,1,DFS
12,21,20.103,mr.j,1,DFS
12,21,20.119,mr.j,1,DFS
12,21,20.137,mr.j,1,DFS
12,21,20.153,mr.j,1,DFS
12,21,20.171,mr.j,1,DFS
12,21,20.187,mr.j,1,DFS
12,21,20.205,mr.j,1,DFS
12,21,20.221,mr.j,1,DFS
12,21,20.238,mr.j,1,DFS
12,21,20.254,mr.j,1,DFS
12,21,20.272,mr.j,1,DFS
12,21,20.288,mr.j,1,DFS
12,20,20.305,mr.j,1,DFS
12,20,20.321,mr.j,1,DFS
12,20,20.338,mr.j,1,DFS
12,20,20.354,mr.j,1,DFS
12,20,20.372,mr.j,1,DFS
12,20,20.388,mr.j,1,DFS
12,20,20.406,mr.j,1,DFS
12,20,20.422,mr.j,1,DFS
12,20,20.439,mr.j,1,DFS
12,20,20.455,mr.j,1,DFS
12,20,20.471,mr.j,1,DFS
12,20,20.488,mr.j,1,DFS
12,20,20.504,mr.j,1,DFS
12,19,20.521,mr.j,1,DFS
12,19,20.537,mr.j,1,DFS
12,19,20.555,mr.j,1,DFS
12,19,20.571,mr.j,1,DFS
12,19,20.588,mr.j,1,DFS
12,19,20.606,mr.j,1,DFS
12,19,20.622,mr.j,1,DFS
12,19,20.639,mr.j,1,DFS
12,19,20.657,mr.j,1,DFS
12,19,20.673,mr.j,1,DFS
12,19,20.691,mr.j,1,DFS
12,19,20.707,mr.j,1,DFS
12,18,20.724,mr.j,1,DFS
12,18,20.74,mr.j,1,DFS
12,18,20.757,mr.j,1,DFS
12,18,20.774,mr.j,1,DFS
12,18,20.791,mr.j,1,DFS
12,18,20.809,mr.j,1,DFS
12,18,20.825,mr.j,1,DFS
12,18,20.842,mr.j,1,DFS
12,18,20.859,mr.j,1,DFS
12,18,20.876,mr.j,1,DFS
12,18,20.893,mr.j,1,DFS
12,18,20.911,mr.j,1,DFS
13,18,20.927,mr.j,1,DFS
13,18,20.944,mr.j,1,DFS
13,18,20.962,mr.j,1,DFS
13,18,20.978,mr.j,1,DFS
13,18,20.996,mr.j,1,DFS
13,18,21.012,mr.j,1,DFS
13,18,21.03,mr.j,1,DFS
13,18,21.046,mr.j,1,DFS
13,18,21.064,mr.j,1,DFS
13,18,21.08,mr.j,1,DFS
13,18,21.098,mr.j,1,DFS
13,18,21.114,mr.j,1,DFS
14,18,21.131,mr.j,1,DFS
14,18,21.149,mr.j,1,DFS
14,18,21.166,mr.j,1,DFS
14,18,21.182,mr.j,1,DFS
14,18,21.199,mr.j,1,DFS
14,18,21.215,mr.j,1,DFS
14,18,21.233,mr.j,1,DFS
14,18,21.249,mr.j,1,DFS
14,18,21.267,mr.j,1,DFS
14,18,21.283,mr.j,1,DFS
14,18,21.301,mr.j,1,DFS
14,18,21.317,mr.j,1,DFS
15,18,21.334,mr.j,1,DFS
15,18,21.351,mr.j,1,DFS
15,18,21.367,mr.j,1,DFS
15,18,21.383,mr.j,1,DFS
15,18,21.401,mr.j,1,DFS
15,18,21.417,mr.j,1,DFS
15,18,21.435,mr.j,1,DFS
15,18,21.451,mr.j,1,DFS
15,18,21.467,mr.j,1,DFS
15,18,21.484,mr.j,1,DFS
15,18,21.501,mr.j,1,DFS
15,18,21.517,mr.j,1,DFS
15,18,21.534,mr.j,1,DFS
16,18,21.551,mr.j,1,DFS
16,18,21.568,mr.j,1,DFS
16,18,21.585,mr.j,1,DFS
16,18,21.603,mr.j,1,DFS
16,18,21.62,mr.j,1,DFS
16,18,21.637,mr.j,1,DFS
16,18,21.653,mr.j,1,DFS
16,18,21.67,mr.j,1,DFS
16,18,21.686,mr.j,1,DFS
16,18,21.703,mr.j,1,DFS
16,18,21.72,mr.j,1,DFS
16,18,21.737,mr.j,1,DFS
17,18,21.755,mr.j,1,DFS
17,18,21.771,mr.j,1,DFS
17,18,21.789,mr.j,1,DFS
17,18,21.805,mr.j,1,DFS
17,18,21.822,mr.j,1,DFS
17,18,21.84,mr.j,1,DFS
17,18,21.856,mr.j,1,DFS
17,18,21.873,mr.j,1,DFS
17,18,21.891,mr.j,1,DFS
17,18,21.907,mr.j,1,DFS
17,18,21.925,mr.j,1,DFS
17,18,21.941,mr.j,1,DFS
18,18,21.958,mr.j,1,DFS
18,18,21.976,mr.j,1,DFS
18,18,21.992,mr.j,1,DFS
18,18,22.01,mr.j,1,DFS
18,18,22.026,mr.j,1,DFS
18,18,22.043,mr.j,1,DFS
18,18,22.061,mr.j,1,DFS
18,18,22.077,mr.j,1,DFS
18,18,22.095,mr.j,1,DFS
18,18,22.111,mr.j,1,DFS
18,18,22.129,mr.j,1,DFS
18,18,22.145,mr.j,1,DFS
18,17,22.163,mr.j,1,DFS
18,17,22.179,mr.j,1,DFS
18,17,22.197,mr.j,1,DFS
18,17,22.213,mr.j,1,DFS
18,17,22.231,mr.j,1,DFS
18,17,22.247,mr.j,1,DFS
18,17,22.264,mr.j,1,DFS
18,17,22.281,mr.j,1,DFS
18,17,22.298,mr.j,1,DFS
18,17,22.315,mr.j,1,DFS
18,17,22.332,mr.j,1,DFS
18,17,22.35,mr.j,1,DFS
18,16,22.366,mr.j,1,DFS
18,16,22.383,mr.j,1,DFS
18,16,22.399,mr.j,1,DFS
18,16,22.416,mr.j,1,DFS
18,16,22.434,mr.j,1,DFS
18,16,22.45,mr.j,1,DFS
18,16,22.468,mr.j,1,DFS
18,16,22.486,mr.j,1,DFS
18,16,22.502,mr.j,1,DFS
18,16,22.52,mr.j,1,DFS
18,16,22.536,mr.j,1,DFS
18,16,22.553,mr.j,1,DFS
18,15,22.569,mr.j,1,DFS
18,15,22.586,mr.j,1,DFS
18,15,22.602,mr.j,1,DFS
18,15,22.619,mr.j,1,DFS
18,15,22.637,mr.j,1,DFS
18,15,22.653,mr.j,1,DFS
18,15,22.67,mr.j,1,DFS
18,15,22.688,mr.j,1,DFS
18,15,22.704,mr.j,1,DFS
18,15,22.722,mr.j,1,DFS
18,15,22.738,mr.j,1,DFS
18,15,22.755,mr.j,1,DFS
18,14,22.771,mr.j,1,DFS
18,14,22.788,mr.j,1,DFS
18,14,22.806,mr.j,1,DFS
18,14,22.822,mr.j,1,DFS
18,14,22.839,mr.j,1,DFS
18,14,22.855,mr.j,1,DFS
18,14,22.873,mr.j,1,DFS
18,14,22.889,mr.j,1,DFS
18,14,22.907,mr.j,1,DFS
18,14,22.925,mr.j,1,DFS
18,14,22.941,mr.j,1,DFS
18,14,22.957,mr.j,1,DFS
18,13,22.974,mr.j,1,DFS
18,13,22.992,mr.j,1,DFS
18,13,23.008,mr.j,1,DFS
18,13,23.026,mr.j,1,DFS
18,13,23.042,mr.j,1,DFS
18,13,23.059,mr.j,1,DFS
18,13,23.076,mr.j,1,DFS
18,13,23.092,mr.j,1,DFS
18,13,23.109,mr.j,1,DFS
18,13,23.127,mr.j,1,DFS
18,13,23.143,mr.j,1,DFS
18,13,23.16,mr.j,1,DFS
18,12,23.176,mr.j,1,DFS
18,12,23.193,mr.j,1,DFS
18,12,23.209,mr.j,1,DFS
18,12,23.226,mr.j,1,DFS
18,12,23.244,mr.j,1,DFS
18,12,23.26,mr.j,1,DFS
18,12,23.278,mr.j,1,DFS
18,12,23.294,mr.j,1,DFS
18,12,23.311,mr.j,1,DFS
18,12,23.327,mr.j,1,DFS
18,12,23.345,mr.j,1,DFS
18,12,23.361,mr.j,1,DFS
18,11,23.378,mr.j,1,DFS
18,11,23.394,mr.j,1,DFS
18,11,23.412,mr.j,1,DFS
18,11,23.428,mr.j,1,DFS
18,11,23.445,mr.j,1,DFS
18,11,23.462,mr.j,1,DFS
18,11,23.479,mr.j,1,DFS
18,11,23.496,mr.j,1,DFS
18,11,23.514,mr.j,1,DFS
18,11,23.53,mr.j,1,DFS
18,11,23.548,mr.j,1,DFS
18,11,23.564,mr.j,1,DFS
18,10,23.582,mr.j,1,DFS
18,10,23.598,mr.j,1,DFS
18,10,23.616,mr.j,1,DFS
18,10,23.632,mr.j,1,DFS
18,10,23.649,mr.j,1,DFS
18,10,23.667,mr.j,1,DFS
18,10,23.683,mr.j,1,DFS
18,10,23.7,mr.j,1,DFS
18,10,23.717,mr.j,1,DFS
18,10,23.735,mr.j,1,DFS
18,10,23.751,mr.j,1,DFS
18,10,23.768,mr.j,1,DFS
18,9,23.784,mr.j,1,DFS
18,9,23.802,mr.j,1,DFS
18,9,23.818,mr.j,1,DFS
18,9,23.836,mr.j,1,DFS
18,9,23.852,mr.j,1,DFS
18,9,23.869,mr.j,1,DFS
18,9,23.887,mr.j,1,DFS
18,9,23.903,mr.j,1,DFS
18,9,23.921,mr.j,1,DFS
18,9,23.937,mr.j,1,DFS
18,9,23.955,mr.j,1,DFS
18,9,23.971,mr.j,1,DFS
18,8,23.988,mr.j,1,DFS
18,8,24.005,mr.j,1,DFS
18,8,24.022,mr.j,1,DFS
18,8,24.038,mr.j,1,DFS
18,8,24.058,mr.j,1,DFS
18,8,24.071,mr.j,1,DFS
18,8,24.086,mr.j,1,DFS
18,8,24.103,mr.j,1,DFS
18,8,24.121,mr.j,1,DFS
18,8,24.137,mr.j,1,DFS
18,8,24.153,mr.j,1,DFS
18,8,24.17,mr.j,1,DFS
18,8,24.187,mr.j,1,DFS
18,7,24.203,mr.j,1,DFS
18,7,24.221,mr.j,1,DFS
18,7,24.237,mr.j,1,DFS
18,7,24.253,mr.j,1,DFS
18,7,24.27,mr.j,1,DFS
18,7,24.287,mr.j,1,DFS
18,7,24.304,mr.j,1,DFS
18,7,24.321,mr.j,1,DFS
18,7,24.338,mr.j,1,DFS
18,7,24.355,mr.j,1,DFS
18,7,24.371,mr.j,1,DFS
18,7,24.388,mr.j,1,DFS
18,6,24.405,mr.j,1,DFS
18,6,24.422,mr.j,1,DFS
18,6,24.438,mr.j,1,DFS
18,6,24.455,mr.j,1,DFS
18,6,24.472,mr.j,1,DFS
18,6,24.489,mr.j,1,DFS
18,6,24.505,mr.j,1,DFS
18,6,24.522,mr.j,1,DFS
18,6,24.539,mr.j,1,DFS
18,6,24.556,mr.j,1,DFS
18,6,24.573,mr.j,1,DFS
18,6,24.59,mr.j,1,DFS
18,5,24.607,mr.j,1,DFS
18,5,24.623,mr.j,1,DFS
18,5,24.64,mr.j,1,DFS
18,5,24.659,mr.j,1,DFS
18,5,24.675,mr.j,1,DFS
18,5,24.693,mr.j,1,DFS
18,5,24.708,mr.j,1,DFS
18,5,24.725,mr.j,1,DFS
18,5,24.742,mr.j,1,DFS
18,5,24.758,mr.j,1,DFS
18,5,24.775,mr.j,1,DFS
18,5,24.792,mr.j,1,DFS
18,4,24.808,mr.j,1,DFS
18,4,24.825,mr.j,1,DFS
18,4,24.842,mr.j,1,DFS
18,3,25.854,mr.j,1,DFS
18,3,25.874,mr.j,1,DFS
18,3,25.891,mr.j,1,DFS
18,3,25.909,mr.j,1,DFS
18,3,25.926,mr.j,1,DFS
18,3,25.942,mr.j,1,DFS
18,3,25.959,mr.j,1,DFS
18,3,25.977,mr.j,1,DFS
18,3,25.993,mr.j,1,DFS
18,3,26.011,mr.j,1,DFS
18,3,26.027,mr.j,1,DFS
18,3,26.044,mr.j,1,DFS
18,2,26.062,mr.j,1,DFS
18,2,26.078,mr.j,1,DFS
18,2,26.095,mr.j,1,DFS
18,2,26.115,mr.j,1,DFS
18,2,26.133,mr.j,1,DFS
18,2,26.148,mr.j,1,DFS
18,2,26.165,mr.j,1,DFS
18,2,26.18,mr.j,1,DFS
18,2,26.197,mr.j,1,DFS
18,2,26.213,mr.j,1,DFS
18,2,26.232,mr.j,1,DFS
18,2,26.248,mr.j,1,DFS
17,2,26.265,mr.j,1,DFS
17,2,26.281,mr.j,1,DFS
17,2,26.298,mr.j,1,DFS
17,2,26.314,mr.j,1,DFS
17,2,26.331,mr.j,1,DFS
17,2,26.348,mr.j,1,DFS
17,2,26.365,mr.j,1,DFS
17,2,26.382,mr.j,1,DFS
17,2,26.4,mr.j,1,DFS
17,2,26.416,mr.j,1,DFS
17,2,26.435,mr.j,1,DFS
17,2,26.452,mr.j,1,DFS
16,2,26.468,mr.j,1,DFS
16,2,26.487,mr.j,1,DFS
16,2,26.503,mr.j,1,DFS
16,2,26.52,mr.j,1,DFS
16,2,26.536,mr.j,1,DFS
16,2,26.552,mr.j,1,DFS
16,2,26.57,mr.j,1,DFS
16,2,26.585,mr.j,1,DFS
16,2,26.602,mr.j,1,DFS
16,2,26.619,mr.j,1,DFS
16,2,26.636,mr.j,1,DFS
16,2,26.653,mr.j,1,DFS
16,3,26.669,mr.j,1,DFS
16,3,26.686,mr.j,1,DFS
16,3,26.702,mr.j,1,DFS
16,3,26.719,mr.j,1,DFS
16,3,26.736,mr.j,1,DFS
16,3,26.753,mr.j,1,DFS
16,3,26.77,mr.j,1,DFS
16,3,26.797,mr.j,1,DFS
16,3,26.831,mr.j,1,DFS
16,3,26.852,mr.j,1,DFS
16,4,26.875,mr.j,1,DFS
16,4,26.893,mr.j,1,DFS
16,4,26.909,mr.j,1,DFS
16,4,26.926,mr.j,1,DFS
16,4,26.943,mr.j,1,DFS
16,4,26.96,mr.j,1,DFS
16,4,26.977,mr.j,1,DFS
16,4,26.993,mr.j,1,DFS
16,4,27.01,mr.j,1,DFS
16,4,27.028,mr.j,1,DFS
16,4,27.044,mr.j,1,DFS
16,4,27.061,mr.j,1,DFS
16,5,27.078,mr.j,1,DFS
16,5,27.095,mr.j,1,DFS
16,5,27.113,mr.j,1,DFS
16,5,27.129,mr.j,1,DFS
16,5,27.146,mr.j,1,DFS
16,5,27.163,mr.j,1,DFS
16,5,27.181,mr.j,1,DFS
16,5,27.198,mr.j,1,DFS
16,5,27.214,mr.j,1,DFS
16,5,27.231,mr.j,1,DFS
16,5,27.249,mr.j,1,DFS
16,5,27.265,mr.j,1,DFS
16,6,27.283,mr.j,1,DFS
16,6,27.299,mr.j,1,DFS
16,6,27.316,mr.j,1,DFS
16,6,27.334,mr.j,1,DFS
16,6,27.35,mr.j,1,DFS
16,6,27.367,mr.j,1,DFS
16,6,27.384,mr.j,1,DFS
16,6,27.401,mr.j,1,DFS
16,6,27.417,mr.j,1,DFS
16,6,27.433,mr.j,1,DFS
16,6,27.449,mr.j,1,DFS
16,6,27.465,mr.j,1,DFS
16,6,27.481,mr.j,1,DFS
16,7,27.499,mr.j,1,DFS
16,7,27.515,mr.j,1,DFS
16,7,27.531,mr.j,1,DFS
16,7,27.547,mr.j,1,DFS
16,7,27.564,mr.j,1,DFS
16,7,27.58,mr.j,1,DFS
16,7,27.597,mr.j,1,DFS
16,7,27.614,mr.j,1,DFS
16,7,27.63,mr.j,1,DFS
16,7,27.646,mr.j,1,DFS
16,7,27.663,mr.j,1,DFS
16,7,27.681,mr.j,1,DFS
16,8,27.699,mr.j,1,DFS
16,8,27.715,mr.j,1,DFS
16,8,27.732,mr.j,1,DFS
16,8,27.748,mr.j,1,DFS
16,8,27.765,mr.j,1,DFS
16,8,27.782,mr.j,1,DFS
16,8,27.8,mr.j,1,DFS
16,8,27.816,mr.j,1,DFS
16,8,27.833,mr.j,1,DFS
16,8,27.851,mr.j,1,DFS
16,8,27.868,mr.j,1,DFS
16,8,27.884,mr.j,1,DFS
16,9,27.901,mr.j,1,DFS
16,9,27.917,mr.j,1,DFS
16,9,27.934,mr.j,1,DFS
16,9,27.952,mr.j,1,DFS
16,9,27.968,mr.j,1,DFS
16,9,27.985,mr.j,1,DFS
16,9,28.003,mr.j,1,DFS
16,9,28.019,mr.j,1,DFS
16,9,28.036,mr.j,1,DFS
16,9,28.052,mr.j,1,DFS
16,9,28.069,mr.j,1,DFS
16,9,28.087,mr.j,1,DFS
16,10,28.103,mr.j,1,DFS
16,10,28.12,mr.j,1,DFS
16,10,28.138,mr.j,1,DFS
16,10,28.154,mr.j,1,DFS
16,10,28.171,mr.j,1,DFS
16,10,28.189,mr.j,1,DFS
16,10,28.205,mr.j,1,DFS
16,10,28.223,mr.j,1,DFS
16,10,28.239,mr.j,1,DFS
16,10,28.257,mr.j,1,DFS
16,10,28.273,mr.j,1,DFS
16,10,28.291,mr.j,1,DFS
16,11,28.309,mr.j,1,DFS
16,11,28.325,mr.j,1,DFS
16,11,28.342,mr.j,1,DFS
16,11,28.358,mr.j,1,DFS
16,11,28.375,mr.j,1,DFS
16,11,28.391,mr.j,1,DFS
16,11,28.409,mr.j,1,DFS
16,11,28.425,mr.j,1,DFS
16,11,28.441,mr.j,1,DFS
16,11,28.458,mr.j,1,DFS
16,11,28.474,mr.j,1,DFS
16,11,28.49,mr.j,1,DFS
16,11,28.507,mr.j,1,DFS
16,12,28.523,mr.j,1,DFS
16,12,28.54,mr.j,1,DFS
16,12,28.557,mr.j,1,DFS
16,12,28.574,mr.j,1,DFS
16,12,28.591,mr.j,1,DFS
16,12,28.608,mr.j,1,DFS
16,12,28.624,mr.j,1,DFS
16,12,28.64,mr.j,1,DFS
16,12,28.657,mr.j,1,DFS
16,12,28.674,mr.j,1,DFS
16,12,28.69,mr.j,1,DFS
16,12,28.707,mr.j,1,DFS
16,12,28.723,mr.j,1,DFS
16,13,28.74,mr.j,1,DFS
16,13,28.756,mr.j,1,DFS
16,13,28.773,mr.j,1,DFS
16,13,28.79,mr.j,1,DFS
16,13,28.807,mr.j,1,DFS
16,13,28.823,mr.j,1,DFS
16,13,28.839,mr.j,1,DFS
16,13,28.855,mr.j,1,DFS
16,13,28.872,mr.j,1,DFS
16,13,28.888,mr.j,1,DFS
16,13,28.906,mr.j,1,DFS
16,13,28.923,mr.j,1,DFS
16,13,28.94,mr.j,1,DFS
16,14,28.956,mr.j,1,DFS
16,14,28.974,mr.j,1,DFS
16,14,28.99,mr.j,1,DFS
16,14,29.006,mr.j,1,DFS
16,14,29.023,mr.j,1,DFS
16,14,29.04,mr.j,1,DFS
16,14,29.057,mr.j,1,DFS
16,14,29.073,mr.j,1,DFS
16,14,29.091,mr.j,1,DFS
16,14,29.107,mr.j,1,DFS
16,14,29.124,mr.j,1,DFS
16,14,29.141,mr.j,1,DFS
16,15,29.158,mr.j,1,DFS
16,15,29.175,mr.j,1,DFS
16,15,29.193,mr.j,1,DFS
16,15,29.209,mr.j,1,DFS
16,15,29.226,mr.j,1,DFS
16,15,29.242,mr.j,1,DFS
16,15,29.259,mr.j,1,DFS
16,15,29.277,mr.j,1,DFS
16,15,29.294,mr.j,1,DFS
16,15,29.31,mr.j,1,DFS
16,15,29.328,mr.j,1,DFS
16,15,29.345,mr.j,1,DFS
16,16,29.362,mr.j,1,DFS
16,16,29.378,mr.j,1,DFS
16,16,29.395,mr.j,1,DFS
16,16,29.411,mr.j,1,DFS
16,16,29.428,mr.j,1,DFS
16,16,29.446,mr.j,1,DFS
16,16,29.462,mr.j,1,DFS
16,16,29.478,mr.j,1,DFS
16,16,29.495,mr.j,1,DFS
16,16,29.511,mr.j,1,DFS
16,16,29.528,mr.j,1,DFS
16,16,29.545,mr.j,1,DFS
16,16,29.561,mr.j,1,DFS
15,16,29.577,mr.j,1,DFS
15,16,29.594,mr.j,1,DFS
15,16,29.611,mr.j,1,DFS
15,16,29.629,mr.j,1,DFS
15,16,29.646,mr.j,1,DFS
15,16,29.662,mr.j,1,DFS
15,16,29.679,mr.j,1,DFS
15,16,29.696,mr.j,1,DFS
15,16,29.713,mr.j,1,DFS
15,16,29.729,mr.j,1,DFS
15,16,29.747,mr.j,1,DFS
15,16,29.763,mr.j,1,DFS
14,16,29.78,mr.j,1,DFS
14,16,29.797,mr.j,1,DFS
14,16,29.874,mr.j,1,DFS
14,16,29.886,mr.j,1,DFS
14,16,29.903,mr.j,1,DFS
14,16,29.921,mr.j,1,DFS
14,16,29.936,mr.j,1,DFS
14,16,29.952,mr.j,1,DFS
14,16,29.968,mr.j,1,DFS
14,15,29.985,mr.j,1,DFS
14,15,30.001,mr.j,1,DFS
14,15,30.017,mr.j,1,DFS
14,15,30.033,mr.j,1,DFS
14,15,30.049,mr.j,1,DFS
14,15,30.066,mr.j,1,DFS
14,15,30.084,mr.j,1,DFS
14,15,30.1,mr.j,1,DFS
14,15,30.118,mr.j,1,DFS
14,15,30.135,mr.j,1,DFS
14,15,30.151,mr.j,1,DFS
14,15,30.169,mr.j,1,DFS
14,14,30.185,mr.j,1,DFS
14,14,30.202,mr.j,1,DFS
14,14,30.219,mr.j,1,DFS
14,14,30.236,mr.j,1,DFS
14,14,30.253,mr.j,1,DFS
14,14,30.269,mr.j,1,DFS
14,14,30.287,mr.j,1,DFS
14,14,30.304,mr.j,1,DFS
14,14,30.319,mr.j,1,DFS
14,14,30.335,mr.j,1,DFS
14,14,30.353,mr.j,1,DFS
14,14,30.37,mr.j,1,DFS
14,13,30.386,mr.j,1,DFS
14,13,30.402,mr.j,1,DFS
14,13,30.419,mr.j,1,DFS
14,13,30.435,mr.j,1,DFS
14,13,30.451,mr.j,1,DFS
14,13,30.469,mr.j,1,DFS
14,13,30.486,mr.j,1,DFS
14,13,30.503,mr.j,1,DFS
14,13,30.519,mr.j,1,DFS
14,13,30.536,mr.j,1,DFS
14,13,30.552,mr.j,1,DFS
14,13,30.569,mr.j,1,DFS
14,12,30.586,mr.j,1,DFS
14,12,30.603,mr.j,1,DFS
14,12,30.618,mr.j,1,DFS
14,12,30.635,mr.j,1,DFS
14,12,30.653,mr.j,1,DFS
14,12,30.669,mr.j,1,DFS
14,12,30.685,mr.j,1,DFS
14,12,30.702,mr.j,1,DFS
14,12,30.719,mr.j,1,DFS
14,12,30.736,mr.j,1,DFS
14,12,30.753,mr.j,1,DFS
14,12,30.768,mr.j,1,DFS
14,12,30.784,mr.j,1,DFS
14,11,30.8,mr.j,1,DFS
14,11,30.817,mr.j,1,DFS
14,11,30.834,mr.j,1,DFS
14,11,30.851,mr.j,1,DFS
14,11,30.868,mr.j,1,DFS
14,11,30.884,mr.j,1,DFS
14,11,30.901,mr.j,1,DFS
14,11,30.917,mr.j,1,DFS
14,11,30.935,mr.j,1,DFS
14,11,30.952,mr.j,1,DFS
14,11,30.968,mr.j,1,DFS
14,11,30.986,mr.j,1,DFS
14,10,31.002,mr.j,1,DFS
14,10,31.02,mr.j,1,DFS
14,10,31.037,mr.j,1,DFS
14,10,31.054,mr.j,1,DFS
14,10,31.07,mr.j,1,DFS
14,10,31.088,mr.j,1,DFS
14,10,31.104,mr.j,1,DFS
14,10,31.122,mr.j,1,DFS
14,10,31.139,mr.j,1,DFS
14,10,31.155,mr.j,1,DFS
14,10,31.172,mr.j,1,DFS
14,10,31.189,mr.j,1,DFS
14,9,31.207,mr.j,1,DFS
14,9,31.223,mr.j,1,DFS
14,9,31.24,mr.j,1,DFS
14,9,31.257,mr.j,1,DFS
14,9,31.274,mr.j,1,DFS
14,9,31.291,mr.j,1,DFS
14,9,31.308,mr.j,1,DFS
14,9,31.324,mr.j,1,DFS
14,9,31.341,mr.j,1,DFS
14,9,31.358,mr.j,1,DFS
14,9,31.375,mr.j,1,DFS
14,9,31.393,mr.j,1,DFS
14,8,31.409,mr.j,1,DFS
14,8,31.427,mr.j,1,DFS
14,8,31.443,mr.j,1,DFS
14,8,31.461,mr.j,1,DFS
14,8,31.477,mr.j,1,DFS
14,8,31.494,mr.j,1,DFS
14,8,31.511,mr.j,1,DFS
14,8,31.528,mr.j,1,DFS
14,8,31.545,mr.j,1,DFS
14,8,31.563,mr.j,1,DFS
14,8,31.579,mr.j,1,DFS
14,8,31.596,mr.j,1,DFS
14,7,31.612,mr.j,1,DFS
14,7,31.629,mr.j,1,DFS
14,7,31.646,mr.j,1,DFS
14,7,31.662,mr.j,1,DFS
14,7,31.678,mr.j,1,DFS
14,7,31.695,mr.j,1,DFS
14,7,31.712,mr.j,1,DFS
14,7,31.729,mr.j,1,DFS
14,7,31.745,mr.j,1,DFS
14,7,31.763,mr.j,1,DFS
14,7,31.779,mr.j,1,DFS
14,7,31.796,mr.j,1,DFS
14,6,31.813,mr.j,1,DFS
14,6,31.829,mr.j,1,DFS
14,6,31.845,mr.j,1,DFS
14,6,31.862,mr.j,1,DFS
14,6,31.88,mr.j,1,DFS
14,6,31.897,mr.j,1,DFS
14,6,31.914,mr.j,1,DFS
14,6,31.93,mr.j,1,DFS
14,6,31.947,mr.j,1,DFS
14,6,31.963,mr.j,1,DFS
14,6,31.981,mr.j,1,DFS
14,6,31.997,mr.j,1,DFS
14,5,32.013,mr.j,1,DFS
14,5,32.03,mr.j,1,DFS
14,5,32.047,mr.j,1,DFS
14,5,32.064,mr.j,1,DFS
14,5,32.081,mr.j,1,DFS
14,5,32.098,mr.j,1,DFS
14,5,32.115,mr.j,1,DFS
14,5,32.132,mr.j,1,DFS
14,5,32.148,mr.j,1,DFS
14,5,32.164,mr.j,1,DFS
14,5,32.181,mr.j,1,DFS
14,5,32.199,mr.j,1,DFS
14,4,32.215,mr.j,1,DFS
14,4,32.232,mr.j,1,DFS
14,4,32.249,mr.j,1,DFS
14,4,32.267,mr.j,1,DFS
14,4,32.284,mr.j,1,DFS
14,4,32.3,mr.j,1,DFS
14,4,32.317,mr.j,1,DFS
14,4,32.335,mr.j,1,DFS
14,4,32.351,mr.j,1,DFS
14,4,32.368,mr.j,1,DFS
14,4,32.385,mr.j,1,DFS
14,4,32.403,mr.j,1,DFS
14,3,32.42,mr.j,1,DFS
14,3,32.437,mr.j,1,DFS
14,3,32.453,mr.j,1,DFS
14,3,32.469,mr.j,1,DFS
14,3,32.486,mr.j,1,DFS
14,3,32.502,mr.j,1,DFS
14,3,32.519,mr.j,1,DFS
14,3,32.537,mr.j,1,DFS
14,3,32.554,mr.j,1,DFS
14,3,32.572,mr.j,1,DFS
14,3,32.59,mr.j,1,DFS
14,3,32.605,mr.j,1,DFS
14,2,32.629,mr.j,1,DFS
14,2,32.64,mr.j,1,DFS
14,2,32.656,mr.j,1,DFS
14,2,32.672,mr.j,1,DFS
14,2,32.69,mr.j,1,DFS
14,2,32.707,mr.j,1,DFS
14,2,32.724,mr.j,1,DFS
14,2,32.741,mr.j,1,DFS
14,2,32.758,mr.j,1,DFS
14,2,32.774,mr.j,1,DFS
14,2,32.791,mr.j,1,DFS
14,2,32.808,mr.j,1,DFS
14,2,32.824,mr.j,1,DFS
13,2,32.84,mr.j,1,DFS
13,2,32.856,mr.j,1,DFS
13,2,32.873,mr.j,1,DFS
13,2,32.89,mr.j,1,DFS
13,2,32.906,mr.j,1,DFS
13,2,32.922,mr.j,1,DFS
13,2,32.938,mr.j,1,DFS
13,2,32.954,mr.j,1,DFS
13,2,32.972,mr.j,1,DFS
13,2,32.989,mr.j,1,DFS
13,2,33.005,mr.j,1,DFS
13,2,33.021,mr.j,1,DFS
13,2,33.038,mr.j,1,DFS
12,2,33.054,mr.j,1,DFS
12,2,33.072,mr.j,1,DFS
12,2,33.088,mr.j,1,DFS
12,2,33.106,mr.j,1,DFS
12,2,33.123,mr.j,1,DFS
12,2,33.14,mr.j,1,DFS
12,2,33.159,mr.j,1,DFS
12,2,33.173,mr.j,1,DFS
12,2,33.19,mr.j,1,DFS
12,2,33.206,mr.j,1,DFS
12,2,33.222,mr.j,1,DFS
12,2,33.239,mr.j,1,DFS
12,3,33.256,mr.j,1,DFS
12,3,33.273,mr.j,1,DFS
12,3,33.29,mr.j,1,DFS
12,3,33.307,mr.j,1,DFS
12,3,33.324,mr.j,1,DFS
12,3,33.341,mr.j,1,DFS
12,3,33.357,mr.j,1,DFS
12,3,33.375,mr.j,1,DFS
12,3,33.392,mr.j,1,DFS
12,3,33.409,mr.j,1,DFS
12,3,33.425,mr.j,1,DFS
12,3,33.442,mr.j,1,DFS
12,4,33.459,mr.j,1,DFS
12,4,33.476,mr.j,1,DFS
12,4,33.492,mr.j,1,DFS
12,4,33.509,mr.j,1,DFS
12,4,33.526,mr.j,1,DFS
12,4,33.543,mr.j,1,DFS
12,4,33.559,mr.j,1,DFS
12,4,33.575,mr.j,1,DFS
12,4,33.592,mr.j,1,DFS
12,4,33.609,mr.j,1,DFS
12,4,33.625,mr.j,1,DFS
12,4,33.642,mr.j,1,DFS
12,4,33.658,mr.j,1,DFS
12,5,33.68,mr.j,1,DFS
12,5,33.692,mr.j,1,DFS
12,5,33.711,mr.j,1,DFS
12,5,33.726,mr.j,1,DFS
12,5,33.743,mr.j,1,DFS
12,5,33.759,mr.j,1,DFS
12,5,33.776,mr.j,1,DFS
12,5,33.792,mr.j,1,DFS
12,5,33.81,mr.j,1,DFS
12,5,33.826,mr.j,1,DFS
12,5,33.842,mr.j,1,DFS
12,5,33.858,mr.j,1,DFS
12,5,33.875,mr.j,1,DFS
11,5,33.892,mr.j,1,DFS
11,5,33.913,mr.j,1,DFS
11,5,33.926,mr.j,1,DFS
11,5,33.942,mr.j,1,DFS
10,5,34.937,mr.j,1,DFS
10,5,34.953,mr.j,1,DFS
10,5,34.969,mr.j,1,DFS
10,5,34.987,mr.j,1,DFS
10,5,35.003,mr.j,1,DFS
10,5,35.02,mr.j,1,DFS
10,5,35.037,mr.j,1,DFS
10,5,35.054,mr.j,1,DFS
10,5,35.07,mr.j,1,DFS
10,5,35.087,mr.j,1,DFS
10,5,35.104,mr.j,1,DFS
10,5,35.12,mr.j,1,DFS
10,4,35.137,mr.j,1,DFS
10,4,35.153,mr.j,1,DFS
10,4,35.17,mr.j,1,DFS
10,4,35.187,mr.j,1,DFS
10,4,35.203,mr.j,1,DFS
10,4,35.22,mr.j,1,DFS
10,4,35.237,mr.j,1,DFS
10,4,35.254,mr.j,1,DFS
10,4,35.27,mr.j,1,DFS
10,4,35.286,mr.j,1,DFS
10,4,35.303,mr.j,1,DFS
10,4,35.321,mr.j,1,DFS
10,3,35.337,mr.j,1,DFS
10,3,35.353,mr.j,1,DFS
10,3,35.369,mr.j,1,DFS
10,3,35.386,mr.j,1,DFS
10,3,35.403,mr.j,1,DFS
10,3,35.42,mr.j,1,DFS
10,3,35.436,mr.j,1,DFS
10,3,35.454,mr.j,1,DFS
10,3,35.47,mr.j,1,DFS
10,3,35.486,mr.j,1,DFS
10,3,35.503,mr.j,1,DFS
10,3,35.52,mr.j,1,DFS
10,3,35.536,mr.j,1,DFS
10,2,35.553,mr.j,1,DFS
10,2,35.57,mr.j,1,DFS
10,2,35.587,mr.j,1,DFS
10,2,35.603,mr.j,1,DFS
10,2,35.621,mr.j,1,DFS
10,2,35.637,mr.j,1,DFS
10,2,35.654,mr.j,1,DFS
10,2,35.671,mr.j,1,DFS
10,2,35.689,mr.j,1,DFS
10,2,35.705,mr.j,1,DFS
10,2,35.722,mr.j,1,DFS
10,2,35.739,mr.j,1,DFS
9,2,35.757,mr.j,1,DFS
9,2,35.774,mr.j,1,DFS
9,2,35.79,mr.j,1,DFS
9,2,35.807,mr.j,1,DFS
9,2,35.823,mr.j,1,DFS
9,2,35.841,mr.j,1,DFS
9,2,35.858,mr.j,1,DFS
9,2,35.874,mr.j,1,DFS
9,2,35.891,mr.j,1,DFS
9,2,35.908,mr.j,1,DFS
9,2,35.924,mr.j,1,DFS
9,2,35.941,mr.j,1,DFS
8,2,35.958,mr.j,1,DFS
8,2,35.975,mr.j,1,DFS
8,2,35.993,mr.j,1,DFS
8,2,36.009,mr.j,1,DFS
8,2,36.026,mr.j,1,DFS
8,2,36.043,mr.j,1,DFS
8,2,36.059,mr.j,1,DFS
8,2,36.076,mr.j,1,DFS
8,2,36.092,mr.j,1,DFS
8,2,36.109,mr.j,1,DFS
8,2,36.127,mr.j,1,DFS
8,2,36.145,mr.j,1,DFS
8,3,36.161,mr.j,1,DFS
8,3,36.178,mr.j,1,DFS
8,3,36.194,mr.j,1,DFS
8,3,36.212,mr.j,1,DFS
8,3,36.229,mr.j,1,DFS
8,3,36.245,mr.j,1,DFS
8,3,36.263,mr.j,1,DFS
8,3,36.279,mr.j,1,DFS
8,3,36.297,mr.j,1,DFS
8,3,36.314,mr.j,1,DFS
8,3,36.33,mr.j,1,DFS
8,3,36.347,mr.j,1,DFS
8,4,36.365,mr.j,1,DFS
8,4,36.381,mr.j,1,DFS
8,4,36.398,mr.j,1,DFS
8,4,36.415,mr.j,1,DFS
8,4,36.432,mr.j,1,DFS
8,4,36.449,mr.j,1,DFS
8,4,36.466,mr.j,1,DFS
8,4,36.483,mr.j,1,DFS
8,4,36.5,mr.j,1,DFS
8,4,36.517,mr.j,1,DFS
8,4,36.533,mr.j,1,DFS
8,4,36.55,mr.j,1,DFS
8,5,36.567,mr.j,1,DFS
8,5,36.583,mr.j,1,DFS
8,5,36.6,mr.j,1,DFS
8,5,36.618,mr.j,1,DFS
8,5,36.634,mr.j,1,DFS
8,5,36.65,mr.j,1,DFS
8,5,36.667,mr.j,1,DFS
8,5,36.683,mr.j,1,DFS
8,5,36.699,mr.j,1,DFS
8,5,36.716,mr.j,1,DFS
8,5,36.733,mr.j,1,DFS
8,5,36.75,mr.j,1,DFS
7,5,36.767,mr.j,1,DFS
7,5,36.785,mr.j,1,DFS
7,5,36.801,mr.j,1,DFS
7,5,36.817,mr.j,1,DFS
7,5,36.833,mr.j,1,DFS
7,5,36.85,mr.j,1,DFS
7,5,36.868,mr.j,1,DFS
7,5,36.885,mr.j,1,DFS
7,5,36.902,mr.j,1,DFS
7,5,36.918,mr.j,1,DFS
7,5,36.936,mr.j,1,DFS
7,5,36.952,mr.j,1,DFS
6,5,36.97,mr.j,1,DFS
6,5,36.986,mr.j,1,DFS
6,5,37.003,mr.j,1,DFS
6,5,37.02,mr.j,1,DFS
6,5,37.038,mr.j,1,DFS
6,5,37.054,mr.j,1,DFS
6,5,37.07,mr.j,1,DFS
6,5,37.088,mr.j,1,DFS
6,5,37.104,mr.j,1,DFS
6,5,37.121,mr.j,1,DFS
6,5,37.137,mr.j,1,DFS
6,5,37.154,mr.j,1,DFS
6,4,37.171,mr.j,1,DFS
6,4,37.188,mr.j,1,DFS
6,4,37.205,mr.j,1,DFS
6,4,37.222,mr.j,1,DFS
6,4,37.239,mr.j,1,DFS
6,4,37.257,mr.j,1,DFS
6,4,37.274,mr.j,1,DFS
6,4,37.291,mr.j,1,DFS
6,4,37.308,mr.j,1,DFS
6,4,37.324,mr.j,1,DFS
6,4,37.34,mr.j,1,DFS
6,4,37.357,mr.j,1,DFS
6,3,37.374,mr.j,1,DFS
6,3,37.391,mr.j,1,DFS
6,3,37.408,mr.j,1,DFS
6,3,37.425,mr.j,1,DFS
6,3,37.441,mr.j,1,DFS
6,3,37.459,mr.j,1,DFS
6,3,37.475,mr.j,1,DFS
6,3,37.492,mr.j,1,DFS
6,3,37.509,mr.j,1,DFS
6,3,37.526,mr.j,1,DFS
6,3,37.543,mr.j,1,DFS
6,3,37.559,mr.j,1,DFS
6,2,37.577,mr.j,1,DFS
6,2,37.593,mr.j,1,DFS
6,2,37.61,mr.j,1,DFS
6,2,37.627,mr.j,1,DFS
6,2,37.643,mr.j,1,DFS
6,2,37.66,mr.j,1,DFS
6,2,37.677,mr.j,1,DFS
6,2,37.693,mr.j,1,DFS
6,2,37.709,mr.j,1,DFS
6,2,37.726,mr.j,1,DFS
6,2,37.743,mr.j,1,DFS
6,2,37.759,mr.j,1,DFS
6,2,37.776,mr.j,1,DFS
5,2,37.793,mr.j,1,DFS
5,2,37.81,mr.j,1,DFS
5,2,37.827,mr.j,1,DFS
5,2,37.843,mr.j,1,DFS
5,2,37.859,mr.j,1,DFS
5,2,37.876,mr.j,1,DFS
5,2,37.893,mr.j,1,DFS
5,2,37.909,mr.j,1,DFS
5,2,37.926,mr.j,1,DFS
5,2,37.944,mr.j,1,DFS
5,2,37.96,mr.j,1,DFS
5,2,37.977,mr.j,1,DFS
4,2,37.994,mr.j,1,DFS
4,2,38.011,mr.j,1,DFS
4,2,38.029,mr.j,1,DFS
4,2,38.045,mr.j,1,DFS
4,2,38.061,mr.j,1,DFS
4,2,38.077,mr.j,1,DFS
4,2,38.094,mr.j,1,DFS
4,2,38.111,mr.j,1,DFS
4,2,38.128,mr.j,1,DFS
4,2,38.144,mr.j,1,DFS
4,2,38.161,mr.j,1,DFS
4,2,38.178,mr.j,1,DFS
4,3,38.195,mr.j,1,DFS
4,3,38.212,mr.j,1,DFS
4,3,38.228,mr.j,1,DFS
4,3,38.245,mr.j,1,DFS
4,3,38.262,mr.j,1,DFS
4,3,38.279,mr.j,1,DFS
4,3,38.295,mr.j,1,DFS
4,3,38.313,mr.j,1,DFS
4,3,38.33,mr.j,1,DFS
4,3,38.346,mr.j,1,DFS
4,3,38.364,mr.j,1,DFS
4,3,38.381,mr.j,1,DFS
4,4,38.397,mr.j,1,DFS
4,4,38.414,mr.j,1,DFS
4,4,38.432,mr.j,1,DFS
4,4,38.448,mr.j,1,DFS
4,4,38.464,mr.j,1,DFS
4,4,38.481,mr.j,1,DFS
4,4,38.499,mr.j,1,DFS
4,4,38.515,mr.j,1,DFS
4,4,38.531,mr.j,1,DFS
4,4,38.547,mr.j,1,DFS
4,4,38.564,mr.j,1,DFS
4,4,38.582,mr.j,1,DFS
4,5,38.598,mr.j,1,DFS
4,5,38.615,mr.j,1,DFS
4,5,38.632,mr.j,1,DFS
4,5,38.65,mr.j,1,DFS
4,5,38.665,mr.j,1,DFS
4,5,38.682,mr.j,1,DFS
4,5,38.699,mr.j,1,DFS
4,5,38.716,mr.j,1,DFS
4,5,38.733,mr.j,1,DFS
4,5,38.75,mr.j,1,DFS
4,5,38.765,mr.j,1,DFS
4,5,38.783,mr.j,1,DFS
3,5,38.8,mr.j,1,DFS
3,5,38.817,mr.j,1,DFS
3,5,38.833,mr.j,1,DFS
3,5,38.85,mr.j,1,DFS
3,5,38.868,mr.j,1,DFS
3,5,38.885,mr.j,1,DFS
3,5,38.901,mr.j,1,DFS
3,5,38.917,mr.j,1,DFS
3,5,38.934,mr.j,1,DFS
3,5,38.95,mr.j,1,DFS
3,5,38.966,mr.j,1,DFS
3,5,38.983,mr.j,1,DFS
3,5,38.999,mr.j,1,DFS
2,5,39.016,mr.j,1,DFS
2,5,39.033,mr.j,1,DFS
2,5,39.049,mr.j,1,DFS
2,5,39.066,mr.j,1,DFS
2,5,39.082,mr.j,1,DFS
2,5,39.098,mr.j,1,DFS
2,5,39.115,mr.j,1,DFS
2,5,39.132,mr.j,1,DFS
2,5,39.149,mr.j,1,DFS
2,5,39.165,mr.j,1,DFS
2,5,39.182,mr.j,1,DFS
2,5,39.199,mr.j,1,DFS
2,5,39.216,mr.j,1,DFS
2,6,39.232,mr.j,1,DFS
2,6,39.248,mr.j,1,DFS
2,6,39.265,mr.j,1,DFS
2,6,39.282,mr.j,1,DFS
2,6,39.299,mr.j,1,DFS
2,6,39.316,mr.j,1,DFS
2,6,39.332,mr.j,1,DFS
2,6,39.349,mr.j,1,DFS
2,6,39.365,mr.j,1,DFS
2,6,39.38,mr.j,1,DFS
2,6,39.397,mr.j,1,DFS
2,6,39.413,mr.j,1,DFS
2,6,39.429,mr.j,1,DFS
2,7,39.446,mr.j,1,DFS
2,7,39.462,mr.j,1,DFS
2,7,39.479,mr.j,1,DFS
2,7,39.496,mr.j,1,DFS
2,7,39.512,mr.j,1,DFS
2,7,39.529,mr.j,1,DFS
2,7,39.545,mr.j,1,DFS
2,7,39.562,mr.j,1,DFS
2,7,39.579,mr.j,1,DFS
2,7,39.597,mr.j,1,DFS
2,7,39.614,mr.j,1,DFS
2,7,39.63,mr.j,1,DFS
2,8,39.648,mr.j,1,DFS
2,8,39.664,mr.j,1,DFS
2,8,39.679,mr.j,1,DFS
2,8,39.696,mr.j,1,DFS
2,8,39.712,mr.j,1,DFS
2,8,39.728,mr.j,1,DFS
2,8,39.745,mr.j,1,DFS
2,8,39.763,mr.j,1,DFS
2,8,39.78,mr.j,1,DFS
2,8,39.797,mr.j,1,DFS
2,8,39.814,mr.j,1,DFS
2,8,39.831,mr.j,1,DFS
2,8,39.847,mr.j,1,DFS
2,9,39.864,mr.j,1,DFS
2,9,39.882,mr.j,1,DFS
2,9,39.898,mr.j,1,DFS
2,9,39.915,mr.j,1,DFS
2,9,39.931,mr.j,1,DFS
2,9,39.947,mr.j,1,DFS
2,9,39.963,mr.j,1,DFS
2,9,39.979,mr.j,1,DFS
2,9,39.996,mr.j,1,DFS
2,9,40.012,mr.j,1,DFS
2,9,40.028,mr.j,1,DFS
2,9,40.044,mr.j,1,DFS
2,9,40.06,mr.j,1,DFS
2,10,40.076,mr.j,1,DFS
2,10,40.094,mr.j,1,DFS
2,10,40.111,mr.j,1,DFS
2,10,40.127,mr.j,1,DFS
2,10,40.144,mr.j,1,DFS
2,10,40.161,mr.j,1,DFS
2,10,40.178,mr.j,1,DFS
2,10,40.195,mr.j,1,DFS
2,10,40.211,mr.j,1,DFS
2,10,40.228,mr.j,1,DFS
2,10,40.246,mr.j,1,DFS
2,10,40.262,mr.j,1,DFS
2,11,40.279,mr.j,1,DFS
2,11,40.296,mr.j,1,DFS
2,11,40.313,mr.j,1,DFS
2,11,40.33,mr.j,1,DFS
2,11,40.347,mr.j,1,DFS
2,11,40.363,mr.j,1,DFS
2,11,40.379,mr.j,1,DFS
2,11,40.396,mr.j,1,DFS
2,11,40.413,mr.j,1,DFS
2,11,40.431,mr.j,1,DFS
2,11,40.447,mr.j,1,DFS
2,11,40.464,mr.j,1,DFS
2,12,40.48,mr.j,1,DFS
2,12,40.497,mr.j,1,DFS
2,12,40.514,mr.j,1,DFS
2,12,40.531,mr.j,1,DFS
2,12,40.547,mr.j,1,DFS
2,12,40.564,mr.j,1,DFS
2,12,40.581,mr.j,1,DFS
2,12,40.599,mr.j,1,DFS
2,12,40.615,mr.j,1,DFS
2,12,40.632,mr.j,1,DFS
2,12,40.648,mr.j,1,DFS
2,12,40.665,mr.j,1,DFS
2,13,40.682,mr.j,1,DFS
2,13,40.698,mr.j,1,DFS
2,13,40.716,mr.j,1,DFS
2,13,40.732,mr.j,1,DFS
2,13,40.749,mr.j,1,DFS
2,13,40.766,mr.j,1,DFS
2,13,40.782,mr.j,1,DFS
2,13,40.799,mr.j,1,DFS
2,13,40.816,mr.j,1,DFS
2,13,40.833,mr.j,1,DFS
2,13,40.849,mr.j,1,DFS
2,13,40.866,mr.j,1,DFS
2,14,40.883,mr.j,1,DFS
2,14,40.899,mr.j,1,DFS
2,14,40.916,mr.j,1,DFS
2,14,40.933,mr.j,1,DFS
2,14,40.95,mr.j,1,DFS
2,14,40.966,mr.j,1,DFS
2,14,40.984,mr.j,1,DFS
2,14,41.0,mr.j,1,DFS
2,14,41.016,mr.j,1,DFS
2,14,41.032,mr.j,1,DFS
2,14,41.049,mr.j,1,DFS
2,14,41.065,mr.j,1,DFS
2,14,41.082,mr.j,1,DFS
2,15,41.099,mr.j,1,DFS
2,15,41.116,mr.j,1,DFS
2,15,41.132,mr.j,1,DFS
2,15,41.149,mr.j,1,DFS
2,15,41.166,mr.j,1,DFS
2,15,41.182,mr.j,1,DFS
2,15,41.199,mr.j,1,DFS
2,15,41.216,mr.j,1,DFS
2,15,41.233,mr.j,1,DFS
2,15,41.25,mr.j,1,DFS
2,15,41.267,mr.j,1,DFS
2,15,41.283,mr.j,1,DFS
2,16,41.301,mr.j,1,DFS
2,16,41.317,mr.j,1,DFS
2,16,41.333,mr.j,1,DFS
2,16,41.35,mr.j,1,DFS
2,16,41.367,mr.j,1,DFS
2,16,41.383,mr.j,1,DFS
2,16,41.4,mr.j,1,DFS
2,16,41.416,mr.j,1,DFS
2,16,41.433,mr.j,1,DFS
2,16,41.45,mr.j,1,DFS
2,16,41.466,mr.j,1,DFS
2,16,41.483,mr.j,1,DFS
2,16,41.499,mr.j,1,DFS
2,17,41.516,mr.j,1,DFS
2,17,41.533,mr.j,1,DFS
2,17,41.549,mr.j,1,DFS
2,17,41.566,mr.j,1,DFS
2,17,41.583,mr.j,1,DFS
2,17,41.599,mr.j,1,DFS
2,17,41.616,mr.j,1,DFS
2,17,41.632,mr.j,1,DFS
2,17,41.648,mr.j,1,DFS
2,17,41.665,mr.j,1,DFS
2,17,41.682,mr.j,1,DFS
2,17,41.698,mr.j,1,DFS
2,17,41.716,mr.j,1,DFS
2,18,41.732,mr.j,1,DFS
2,18,41.75,mr.j,1,DFS
2,18,41.767,mr.j,1,DFS
2,18,41.783,mr.j,1,DFS
2,18,41.8,mr.j,1,DFS
2,18,41.818,mr.j,1,DFS
2,18,41.834,mr.j,1,DFS
2,18,41.852,mr.j,1,DFS
2,18,41.869,mr.j,1,DFS
2,18,41.885,mr.j,1,DFS
2,18,41.902,mr.j,1,DFS
2,18,41.919,mr.j,1,DFS
2,19,41.935,mr.j,1,DFS
2,19,41.952,mr.j,1,DFS
2,19,41.969,mr.j,1,DFS
2,19,41.986,mr.j,1,DFS
2,19,42.002,mr.j,1,DFS
2,19,42.02,mr.j,1,DFS
2,19,42.036,mr.j,1,DFS
2,19,42.053,mr.j,1,DFS
2,20,42.251,mr.j,1,DFS
2,20,42.268,mr.j,1,DFS
2,20,42.284,mr.j,1,DFS
2,20,42.302,mr.j,1,DFS
2,20,42.319,mr.j,1,DFS
2,20,42.335,mr.j,1,DFS
2,20,42.351,mr.j,1,DFS
2,20,42.368,mr.j,1,DFS
2,20,42.384,mr.j,1,DFS
2,20,42.4,mr.j,1,DFS
2,20,42.417,mr.j,1,DFS
2,20,42.433,mr.j,1,DFS
2,20,42.449,mr.j,1,DFS
2,21,42.467,mr.j,1,DFS
2,21,42.483,mr.j,1,DFS
2,21,42.5,mr.j,1,DFS
2,21,42.516,mr.j,1,DFS
2,21,42.534,mr.j,1,DFS
2,21,42.55,mr.j,1,DFS
2,21,42.567,mr.j,1,DFS
2,21,42.584,mr.j,1,DFS
2,21,42.601,mr.j,1,DFS
2,21,42.618,mr.j,1,DFS
2,21,42.634,mr.j,1,DFS
2,21,42.651,mr.j,1,DFS
2,22,42.669,mr.j,1,DFS
2,22,42.685,mr.j,1,DFS
2,22,42.702,mr.j,1,DFS
2,22,42.72,mr.j,1,DFS
2,22,42.736,mr.j,1,DFS
2,22,42.752,mr.j,1,DFS
2,22,42.769,mr.j,1,DFS
2,22,42.786,mr.j,1,DFS
2,22,42.802,mr.j,1,DFS
2,22,42.82,mr.j,1,DFS
2,22,42.836,mr.j,1,DFS
2,22,42.853,mr.j,1,DFS
2,23,42.871,mr.j,1,DFS
2,23,42.887,mr.j,1,DFS
2,23,42.903,mr.j,1,DFS
2,23,42.919,mr.j,1,DFS
2,24,43.351,mr.j,1,DFS
2,24,43.367,mr.j,1,DFS
2,24,43.384,mr.j,1,DFS
2,24,43.401,mr.j,1,DFS
2,24,43.419,mr.j,1,DFS
2,24,43.435,mr.j,1,DFS
2,24,43.451,mr.j,1,DFS
2,24,43.467,mr.j,1,DFS
2,24,43.483,mr.j,1,DFS
2,24,43.5,mr.j,1,DFS
2,24,43.516,mr.j,1,DFS
2,24,43.533,mr.j,1,DFS
2,24,43.549,mr.j,1,DFS
2,25,43.567,mr.j,1,DFS
2,25,43.583,mr.j,1,DFS
2,25,43.599,mr.j,1,DFS
2,25,43.615,mr.j,1,DFS
2,25,43.633,mr.j,1,DFS
2,25,43.649,mr.j,1,DFS
2,25,43.666,mr.j,1,DFS
2,25,43.683,mr.j,1,DFS
2,25,43.7,mr.j,1,DFS
2,25,43.717,mr.j,1,DFS
2,25,43.734,mr.j,1,DFS
2,25,43.751,mr.j,1,DFS
2,26,43.768,mr.j,1,DFS
2,26,43.784,mr.j,1,DFS
2,26,43.802,mr.j,1,DFS
2,26,43.819,mr.j,1,DFS
2,26,43.835,mr.j,1,DFS
2,26,43.853,mr.j,1,DFS
2,26,43.869,mr.j,1,DFS
2,26,43.886,mr.j,1,DFS
2,26,43.903,mr.j,1,DFS
2,26,43.921,mr.j,1,DFS
2,26,43.938,mr.j,1,DFS
2,26,43.955,mr.j,1,DFS
2,27,43.972,mr.j,1,DFS
2,27,43.988,mr.j,1,DFS
2,27,44.005,mr.j,1,DFS
2,27,44.02,mr.j,1,DFS
2,27,44.038,mr.j,1,DFS
2,27,44.055,mr.j,1,DFS
2,27,44.071,mr.j,1,DFS
2,27,44.088,mr.j,1,DFS
2,27,44.105,mr.j,1,DFS
2,27,44.122,mr.j,1,DFS
2,27,44.138,mr.j,1,DFS
2,27,44.155,mr.j,1,DFS
2,28,44.172,mr.j,1,DFS
2,28,44.19,mr.j,1,DFS
2,28,44.207,mr.j,1,DFS
2,28,44.223,mr.j,1,DFS
2,28,44.241,mr.j,1,DFS
2,28,44.257,mr.j,1,DFS
2,28,44.274,mr.j,1,DFS
2,28,44.291,mr.j,1,DFS
2,28,44.309,mr.j,1,DFS
2,28,44.325,mr.j,1,DFS
2,29,44.622,mr.j,1,DFS
2,29,44.639,mr.j,1,DFS
2,29,44.655,mr.j,1,DFS
2,29,44.672,mr.j,1,DFS
2,29,44.689,mr.j,1,DFS
2,29,44.705,mr.j,1,DFS
2,29,44.722,mr.j,1,DFS
2,29,44.738,mr.j,1,DFS
2,29,44.755,mr.j,1,DFS
2,29,44.772,mr.j,1,DFS
2,29,44.79,mr.j,1,DFS
2,29,44.806,mr.j,1,DFS
2,30,44.823,mr.j,1,DFS
2,30,44.84,mr.j,1,DFS
2,30,44.856,mr.j,1,DFS
2,30,44.872,mr.j,1,DFS
2,30,44.89,mr.j,1,DFS
2,30,44.906,mr.j,1,DFS
2,30,44.923,mr.j,1,DFS
2,30,44.939,mr.j,1,DFS
2,30,44.955,mr.j,1,DFS
2,30,44.971,mr.j,1,DFS
2,30,44.988,mr.j,1,DFS
2,30,45.004,mr.j,1,DFS
2,30,45.02,mr.j,1,DFS
2,31,45.036,mr.j,1,DFS
2,31,45.052,mr.j,1,DFS
2,31,45.068,mr.j,1,DFS
2,31,45.085,mr.j,1,DFS
2,31,45.102,mr.j,1,DFS
2,31,45.119,mr.j,1,DFS
2,31,45.136,mr.j,1,DFS
2,31,45.154,mr.j,1,DFS
2,31,45.17,mr.j,1,DFS
2,31,45.187,mr.j,1,DFS
2,31,45.204,mr.j,1,DFS
2,31,45.221,mr.j,1,DFS
2,32,45.239,mr.j,1,DFS
2,32,45.255,mr.j,1,DFS
2,32,45.272,mr.j,1,DFS
2,32,45.289,mr.j,1,DFS
2,32,45.305,mr.j,1,DFS
2,32,45.322,mr.j,1,DFS
2,32,45.352,mr.j,1,DFS
2,32,45.368,mr.j,1,DFS
2,32,45.38,mr.j,1,DFS
2,32,45.397,mr.j,1,DFS
2,32,45.415,mr.j,1,DFS
2,32,45.43,mr.j,1,DFS
2,33,45.447,mr.j,1,DFS
2,33,45.464,mr.j,1,DFS
2,33,45.48,mr.j,1,DFS
2,33,45.497,mr.j,1,DFS
2,33,45.515,mr.j,1,DFS
2,33,45.532,mr.j,1,DFS
2,33,45.549,mr.j,1,DFS
2,33,45.565,mr.j,1,DFS
2,33,45.589,mr.j,1,DFS
2,33,45.599,mr.j,1,DFS
2,33,45.616,mr.j,1,DFS
2,33,45.632,mr.j,1,DFS
2,34,45.649,mr.j,1,DFS
2,34,45.665,mr.j,1,DFS
2,34,45.681,mr.j,1,DFS
2,34,45.698,mr.j,1,DFS
2,34,45.714,mr.j,1,DFS
2,34,45.73,mr.j,1,DFS
2,34,45.745,mr.j,1,DFS
2,34,45.762,mr.j,1,DFS
2,34,45.779,mr.j,1,DFS
2,34,45.795,mr.j,1,DFS
2,34,45.812,mr.j,1,DFS
2,34,45.829,mr.j,1,DFS
2,34,45.846,mr.j,1,DFS
2,35,45.862,mr.j,1,DFS
2,35,45.879,mr.j,1,DFS
2,35,45.895,mr.j,1,DFS
2,35,45.912,mr.j,1,DFS
2,35,45.928,mr.j,1,DFS
2,35,45.944,mr.j,1,DFS
2,35,45.96,mr.j,1,DFS
2,35,45.976,mr.j,1,DFS
2,35,45.993,mr.j,1,DFS
2,35,46.01,mr.j,1,DFS
2,35,46.027,mr.j,1,DFS
2,35,46.044,mr.j,1,DFS
2,35,46.062,mr.j,1,DFS
2,36,46.078,mr.j,1,DFS
2,36,46.096,mr.j,1,DFS
2,36,46.112,mr.j,1,DFS
2,36,46.129,mr.j,1,DFS
2,36,46.146,mr.j,1,DFS
2,36,46.163,mr.j,1,DFS
2,36,46.18,mr.j,1,DFS
2,36,46.197,mr.j,1,DFS
2,36,46.214,mr.j,1,DFS
2,36,46.231,mr.j,1,DFS
2,36,46.247,mr.j,1,DFS
2,36,46.264,mr.j,1,DFS
2,37,46.281,mr.j,1,DFS
2,37,46.298,mr.j,1,DFS
2,37,46.315,mr.j,1,DFS
2,37,46.331,mr.j,1,DFS
2,37,46.349,mr.j,1,DFS
2,37,46.366,mr.j,1,DFS
2,37,46.383,mr.j,1,DFS
2,37,46.4,mr.j,1,DFS
2,37,46.416,mr.j,1,DFS
2,37,46.434,mr.j,1,DFS
2,37,46.451,mr.j,1,DFS
2,37,46.467,mr.j,1,DFS
2,38,46.483,mr.j,1,DFS
2,38,46.5,mr.j,1,DFS
2,38,46.516,mr.j,1,DFS
2,38,46.532,mr.j,1,DFS
2,38,46.55,mr.j,1,DFS
2,38,46.566,mr.j,1,DFS
2,38,46.582,mr.j,1,DFS
2,38,46.598,mr.j,1,DFS
2,38,46.614,mr.j,1,DFS
2,38,46.63,mr.j,1,DFS
2,38,46.647,mr.j,1,DFS
2,38,46.664,mr.j,1,DFS
2,38,46.68,mr.j,1,DFS
2,39,46.697,mr.j,1,DFS
2,39,46.715,mr.j,1,DFS
2,39,46.732,mr.j,1,DFS
2,39,46.748,mr.j,1,DFS
2,39,46.765,mr.j,1,DFS
2,39,46.782,mr.j,1,DFS
2,39,46.799,mr.j,1,DFS
2,39,46.815,mr.j,1,DFS
2,39,46.832,mr.j,1,DFS
2,39,46.848,mr.j,1,DFS
2,39,46.864,mr.j,1,DFS
2,39,46.881,mr.j,1,DFS
2,40,46.898,mr.j,1,DFS
2,40,46.915,mr.j,1,DFS
2,40,46.932,mr.j,1,DFS
2,40,46.948,mr.j,1,DFS
2,40,46.965,mr.j,1,DFS
2,40,46.982,mr.j,1,DFS
2,40,46.998,mr.j,1,DFS
2,40,47.014,mr.j,1,DFS
2,40,47.03,mr.j,1,DFS
2,40,47.046,mr.j,1,DFS
2,40,47.063,mr.j,1,DFS
2,40,47.08,mr.j,1,DFS
2,41,47.098,mr.j,1,DFS
2,41,47.114,mr.j,1,DFS
2,41,47.132,mr.j,1,DFS
2,41,47.149,mr.j,1,DFS
2,41,47.166,mr.j,1,DFS
2,41,47.183,mr.j,1,DFS
2,41,47.2,mr.j,1,DFS
2,41,47.216,mr.j,1,DFS
2,41,47.232,mr.j,1,DFS
2,41,47.248,mr.j,1,DFS
2,41,47.266,mr.j,1,DFS
2,41,47.283,mr.j,1,DFS
3,42,47.3,mr.j,1,DFS
